[{"model": "contenttypes.contenttype", "pk": 1, "fields": {"app_label": "admin", "model": "logentry"}}, {"model": "contenttypes.contenttype", "pk": 2, "fields": {"app_label": "auth", "model": "permission"}}, {"model": "contenttypes.contenttype", "pk": 3, "fields": {"app_label": "auth", "model": "group"}}, {"model": "contenttypes.contenttype", "pk": 4, "fields": {"app_label": "auth", "model": "user"}}, {"model": "contenttypes.contenttype", "pk": 5, "fields": {"app_label": "contenttypes", "model": "contenttype"}}, {"model": "contenttypes.contenttype", "pk": 6, "fields": {"app_label": "sessions", "model": "session"}}, {"model": "contenttypes.contenttype", "pk": 7, "fields": {"app_label": "sites", "model": "site"}}, {"model": "contenttypes.contenttype", "pk": 8, "fields": {"app_label": "filer", "model": "clipboard"}}, {"model": "contenttypes.contenttype", "pk": 9, "fields": {"app_label": "filer", "model": "clipboarditem"}}, {"model": "contenttypes.contenttype", "pk": 10, "fields": {"app_label": "filer", "model": "file"}}, {"model": "contenttypes.contenttype", "pk": 11, "fields": {"app_label": "filer", "model": "folder"}}, {"model": "contenttypes.contenttype", "pk": 12, "fields": {"app_label": "filer", "model": "folderpermission"}}, {"model": "contenttypes.contenttype", "pk": 13, "fields": {"app_label": "filer", "model": "image"}}, {"model": "contenttypes.contenttype", "pk": 14, "fields": {"app_label": "filer", "model": "thumbnailoption"}}, {"model": "contenttypes.contenttype", "pk": 15, "fields": {"app_label": "easy_thumbnails", "model": "source"}}, {"model": "contenttypes.contenttype", "pk": 16, "fields": {"app_label": "easy_thumbnails", "model": "thumbnail"}}, {"model": "contenttypes.contenttype", "pk": 17, "fields": {"app_label": "easy_thumbnails", "model": "thumbnaildimensions"}}, {"model": "contenttypes.contenttype", "pk": 18, "fields": {"app_label": "home", "model": "homepagebanners"}}, {"model": "contenttypes.contenttype", "pk": 19, "fields": {"app_label": "home", "model": "expertise"}}, {"model": "contenttypes.contenttype", "pk": 20, "fields": {"app_label": "blog", "model": "blogcategory"}}, {"model": "contenttypes.contenttype", "pk": 21, "fields": {"app_label": "blog", "model": "blogs"}}, {"model": "contenttypes.contenttype", "pk": 22, "fields": {"app_label": "blog", "model": "subscription"}}, {"model": "contenttypes.contenttype", "pk": 23, "fields": {"app_label": "blog", "model": "blogtopic"}}, {"model": "sessions.session", "pk": "ciicuwct7midfmje183chu8smr543p3i", "fields": {"session_data": "MGI3ZWY1MzhjOTI2MGMzMjUyNTY2MDM3ZmUwYzc0OTFiMTVhMzE2Nzp7Il9hdXRoX3VzZXJfaWQiOiIxIiwiX2F1dGhfdXNlcl9iYWNrZW5kIjoiZGphbmdvLmNvbnRyaWIuYXV0aC5iYWNrZW5kcy5Nb2RlbEJhY2tlbmQiLCJfYXV0aF91c2VyX2hhc2giOiI3MjhjZmQ1YjQyYTM3Njg4OThiODk5NGNmMWFkOGRjNWVkOTc5M2ZhIiwiZmlsZXJfbGFzdF9mb2xkZXJfaWQiOiIzIn0=", "expire_date": "2020-11-22T21:58:31.994"}}, {"model": "sessions.session", "pk": "o14jrpapzedpfvrg4biiqq6ozmab02lv", "fields": {"session_data": "NGI0ZjQxYzczODNjYjM5YjdjNjkwNzRiODU2MTZiYTNiZDkxMjdlZDp7Il9hdXRoX3VzZXJfaWQiOiIxIiwiX2F1dGhfdXNlcl9iYWNrZW5kIjoiZGphbmdvLmNvbnRyaWIuYXV0aC5iYWNrZW5kcy5Nb2RlbEJhY2tlbmQiLCJfYXV0aF91c2VyX2hhc2giOiI3MjhjZmQ1YjQyYTM3Njg4OThiODk5NGNmMWFkOGRjNWVkOTc5M2ZhIn0=", "expire_date": "2020-11-25T20:20:04.256"}}, {"model": "sessions.session", "pk": "sby5pvgp1imuqfj1ga6ze55c5df5q89b", "fields": {"session_data": "ZDllMWMwNGY2MmY5OGUwNjYxNmY2ZmJmZjk5NWM3NzczNjMxN2YwODp7Il9hdXRoX3VzZXJfaWQiOiIxIiwiX2F1dGhfdXNlcl9iYWNrZW5kIjoiZGphbmdvLmNvbnRyaWIuYXV0aC5iYWNrZW5kcy5Nb2RlbEJhY2tlbmQiLCJfYXV0aF91c2VyX2hhc2giOiI3MjhjZmQ1YjQyYTM3Njg4OThiODk5NGNmMWFkOGRjNWVkOTc5M2ZhIiwiZmlsZXJfbGFzdF9mb2xkZXJfaWQiOiI0In0=", "expire_date": "2020-11-24T11:14:47.007"}}, {"model": "sites.site", "pk": 1, "fields": {"domain": "example.com", "name": "example.com"}}, {"model": "easy_thumbnails.source", "pk": 1, "fields": {"storage_hash": "f9bde26a1556cd667f742bd34ec7c55e", "name": "filer_public/98/28/9828f06e-bf8a-4236-b825-9a8104121094/1.png", "modified": "2020-11-08T21:45:06.202"}}, {"model": "easy_thumbnails.source", "pk": 2, "fields": {"storage_hash": "f9bde26a1556cd667f742bd34ec7c55e", "name": "filer_public/18/4c/184c4583-9775-460d-8d00-e50fdc007cc2/inact_cc.png", "modified": "2020-11-08T21:55:53.135"}}, {"model": "easy_thumbnails.source", "pk": 3, "fields": {"storage_hash": "f9bde26a1556cd667f742bd34ec7c55e", "name": "filer_public/09/b3/09b36b3a-3e36-49d0-877d-b693afe3e1fd/inact_ai.png", "modified": "2020-11-08T21:55:53.193"}}, {"model": "easy_thumbnails.source", "pk": 4, "fields": {"storage_hash": "f9bde26a1556cd667f742bd34ec7c55e", "name": "filer_public/b9/8a/b98ac816-c630-4917-b776-23dd12594494/inact_gen.png", "modified": "2020-11-08T21:55:53.271"}}, {"model": "easy_thumbnails.source", "pk": 5, "fields": {"storage_hash": "f9bde26a1556cd667f742bd34ec7c55e", "name": "filer_public/78/9d/789d2a34-cee9-468b-babe-f78844b8d943/inact_ml.png", "modified": "2020-11-08T21:55:53.623"}}, {"model": "easy_thumbnails.source", "pk": 6, "fields": {"storage_hash": "f9bde26a1556cd667f742bd34ec7c55e", "name": "filer_public/5b/ff/5bffde4d-0c8f-45f8-a656-c642d1e9e01e/inact_qc.png", "modified": "2020-11-08T21:55:53.630"}}, {"model": "easy_thumbnails.source", "pk": 7, "fields": {"storage_hash": "f9bde26a1556cd667f742bd34ec7c55e", "name": "filer_public/50/81/50818c27-2904-4a33-a23c-d23709762664/blog1.png", "modified": "2020-11-10T11:06:57.039"}}, {"model": "easy_thumbnails.source", "pk": 8, "fields": {"storage_hash": "f9bde26a1556cd667f742bd34ec7c55e", "name": "filer_public/20/63/206399f4-b51d-4b9b-a008-18c15a2b6443/blog2.png", "modified": "2020-11-10T11:06:57.041"}}, {"model": "easy_thumbnails.source", "pk": 9, "fields": {"storage_hash": "f9bde26a1556cd667f742bd34ec7c55e", "name": "filer_public/bd/0b/bd0b5270-14e4-446f-8df5-af6c277c60c0/blog3.png", "modified": "2020-11-10T11:06:57.081"}}, {"model": "easy_thumbnails.thumbnail", "pk": 1, "fields": {"storage_hash": "f9bde26a1556cd667f742bd34ec7c55e", "name": "filer_public_thumbnails/filer_public/98/28/9828f06e-bf8a-4236-b825-9a8104121094/1.png__16x16_q85_crop_subsampling-2_upscale.png", "modified": "2020-11-08T21:45:06.240", "source": 1}}, {"model": "easy_thumbnails.thumbnail", "pk": 2, "fields": {"storage_hash": "f9bde26a1556cd667f742bd34ec7c55e", "name": "filer_public_thumbnails/filer_public/98/28/9828f06e-bf8a-4236-b825-9a8104121094/1.png__32x32_q85_crop_subsampling-2_upscale.png", "modified": "2020-11-08T21:45:06.286", "source": 1}}, {"model": "easy_thumbnails.thumbnail", "pk": 3, "fields": {"storage_hash": "f9bde26a1556cd667f742bd34ec7c55e", "name": "filer_public_thumbnails/filer_public/98/28/9828f06e-bf8a-4236-b825-9a8104121094/1.png__48x48_q85_crop_subsampling-2_upscale.png", "modified": "2020-11-08T21:45:06.332", "source": 1}}, {"model": "easy_thumbnails.thumbnail", "pk": 4, "fields": {"storage_hash": "f9bde26a1556cd667f742bd34ec7c55e", "name": "filer_public_thumbnails/filer_public/98/28/9828f06e-bf8a-4236-b825-9a8104121094/1.png__64x64_q85_crop_subsampling-2_upscale.png", "modified": "2020-11-08T21:45:06.384", "source": 1}}, {"model": "easy_thumbnails.thumbnail", "pk": 5, "fields": {"storage_hash": "f9bde26a1556cd667f742bd34ec7c55e", "name": "filer_public_thumbnails/filer_public/98/28/9828f06e-bf8a-4236-b825-9a8104121094/1.png__180x180_q85_crop_subsampling-2_upscale.png", "modified": "2020-11-08T21:45:06.460", "source": 1}}, {"model": "easy_thumbnails.thumbnail", "pk": 6, "fields": {"storage_hash": "f9bde26a1556cd667f742bd34ec7c55e", "name": "filer_public_thumbnails/filer_public/18/4c/184c4583-9775-460d-8d00-e50fdc007cc2/inact_cc.png__16x16_q85_crop_subsampling-2_upscale.png", "modified": "2020-11-08T21:55:53.150", "source": 2}}, {"model": "easy_thumbnails.thumbnail", "pk": 7, "fields": {"storage_hash": "f9bde26a1556cd667f742bd34ec7c55e", "name": "filer_public_thumbnails/filer_public/09/b3/09b36b3a-3e36-49d0-877d-b693afe3e1fd/inact_ai.png__16x16_q85_crop_subsampling-2_upscale.png", "modified": "2020-11-08T21:55:53.249", "source": 3}}, {"model": "easy_thumbnails.thumbnail", "pk": 8, "fields": {"storage_hash": "f9bde26a1556cd667f742bd34ec7c55e", "name": "filer_public_thumbnails/filer_public/18/4c/184c4583-9775-460d-8d00-e50fdc007cc2/inact_cc.png__32x32_q85_crop_subsampling-2_upscale.png", "modified": "2020-11-08T21:55:53.306", "source": 2}}, {"model": "easy_thumbnails.thumbnail", "pk": 9, "fields": {"storage_hash": "f9bde26a1556cd667f742bd34ec7c55e", "name": "filer_public_thumbnails/filer_public/b9/8a/b98ac816-c630-4917-b776-23dd12594494/inact_gen.png__16x16_q85_crop_subsampling-2_upscale.png", "modified": "2020-11-08T21:55:53.346", "source": 4}}, {"model": "easy_thumbnails.thumbnail", "pk": 10, "fields": {"storage_hash": "f9bde26a1556cd667f742bd34ec7c55e", "name": "filer_public_thumbnails/filer_public/09/b3/09b36b3a-3e36-49d0-877d-b693afe3e1fd/inact_ai.png__32x32_q85_crop_subsampling-2_upscale.png", "modified": "2020-11-08T21:55:53.364", "source": 3}}, {"model": "easy_thumbnails.thumbnail", "pk": 11, "fields": {"storage_hash": "f9bde26a1556cd667f742bd34ec7c55e", "name": "filer_public_thumbnails/filer_public/18/4c/184c4583-9775-460d-8d00-e50fdc007cc2/inact_cc.png__48x48_q85_crop_subsampling-2_upscale.png", "modified": "2020-11-08T21:55:53.380", "source": 2}}, {"model": "easy_thumbnails.thumbnail", "pk": 12, "fields": {"storage_hash": "f9bde26a1556cd667f742bd34ec7c55e", "name": "filer_public_thumbnails/filer_public/b9/8a/b98ac816-c630-4917-b776-23dd12594494/inact_gen.png__32x32_q85_crop_subsampling-2_upscale.png", "modified": "2020-11-08T21:55:53.398", "source": 4}}, {"model": "easy_thumbnails.thumbnail", "pk": 13, "fields": {"storage_hash": "f9bde26a1556cd667f742bd34ec7c55e", "name": "filer_public_thumbnails/filer_public/09/b3/09b36b3a-3e36-49d0-877d-b693afe3e1fd/inact_ai.png__48x48_q85_crop_subsampling-2_upscale.png", "modified": "2020-11-08T21:55:53.409", "source": 3}}, {"model": "easy_thumbnails.thumbnail", "pk": 14, "fields": {"storage_hash": "f9bde26a1556cd667f742bd34ec7c55e", "name": "filer_public_thumbnails/filer_public/18/4c/184c4583-9775-460d-8d00-e50fdc007cc2/inact_cc.png__64x64_q85_crop_subsampling-2_upscale.png", "modified": "2020-11-08T21:55:53.427", "source": 2}}, {"model": "easy_thumbnails.thumbnail", "pk": 15, "fields": {"storage_hash": "f9bde26a1556cd667f742bd34ec7c55e", "name": "filer_public_thumbnails/filer_public/b9/8a/b98ac816-c630-4917-b776-23dd12594494/inact_gen.png__48x48_q85_crop_subsampling-2_upscale.png", "modified": "2020-11-08T21:55:53.433", "source": 4}}, {"model": "easy_thumbnails.thumbnail", "pk": 16, "fields": {"storage_hash": "f9bde26a1556cd667f742bd34ec7c55e", "name": "filer_public_thumbnails/filer_public/09/b3/09b36b3a-3e36-49d0-877d-b693afe3e1fd/inact_ai.png__64x64_q85_crop_subsampling-2_upscale.png", "modified": "2020-11-08T21:55:53.453", "source": 3}}, {"model": "easy_thumbnails.thumbnail", "pk": 17, "fields": {"storage_hash": "f9bde26a1556cd667f742bd34ec7c55e", "name": "filer_public_thumbnails/filer_public/b9/8a/b98ac816-c630-4917-b776-23dd12594494/inact_gen.png__64x64_q85_crop_subsampling-2_upscale.png", "modified": "2020-11-08T21:55:53.480", "source": 4}}, {"model": "easy_thumbnails.thumbnail", "pk": 18, "fields": {"storage_hash": "f9bde26a1556cd667f742bd34ec7c55e", "name": "filer_public_thumbnails/filer_public/18/4c/184c4583-9775-460d-8d00-e50fdc007cc2/inact_cc.png__180x180_q85_crop_subsampling-2_upscale.png", "modified": "2020-11-08T21:55:53.491", "source": 2}}, {"model": "easy_thumbnails.thumbnail", "pk": 19, "fields": {"storage_hash": "f9bde26a1556cd667f742bd34ec7c55e", "name": "filer_public_thumbnails/filer_public/09/b3/09b36b3a-3e36-49d0-877d-b693afe3e1fd/inact_ai.png__180x180_q85_crop_subsampling-2_upscale.png", "modified": "2020-11-08T21:55:53.524", "source": 3}}, {"model": "easy_thumbnails.thumbnail", "pk": 20, "fields": {"storage_hash": "f9bde26a1556cd667f742bd34ec7c55e", "name": "filer_public_thumbnails/filer_public/b9/8a/b98ac816-c630-4917-b776-23dd12594494/inact_gen.png__180x180_q85_crop_subsampling-2_upscale.png", "modified": "2020-11-08T21:55:53.540", "source": 4}}, {"model": "easy_thumbnails.thumbnail", "pk": 21, "fields": {"storage_hash": "f9bde26a1556cd667f742bd34ec7c55e", "name": "filer_public_thumbnails/filer_public/78/9d/789d2a34-cee9-468b-babe-f78844b8d943/inact_ml.png__16x16_q85_crop_subsampling-2_upscale.png", "modified": "2020-11-08T21:55:53.659", "source": 5}}, {"model": "easy_thumbnails.thumbnail", "pk": 22, "fields": {"storage_hash": "f9bde26a1556cd667f742bd34ec7c55e", "name": "filer_public_thumbnails/filer_public/5b/ff/5bffde4d-0c8f-45f8-a656-c642d1e9e01e/inact_qc.png__16x16_q85_crop_subsampling-2_upscale.png", "modified": "2020-11-08T21:55:53.670", "source": 6}}, {"model": "easy_thumbnails.thumbnail", "pk": 23, "fields": {"storage_hash": "f9bde26a1556cd667f742bd34ec7c55e", "name": "filer_public_thumbnails/filer_public/78/9d/789d2a34-cee9-468b-babe-f78844b8d943/inact_ml.png__32x32_q85_crop_subsampling-2_upscale.png", "modified": "2020-11-08T21:55:53.686", "source": 5}}, {"model": "easy_thumbnails.thumbnail", "pk": 24, "fields": {"storage_hash": "f9bde26a1556cd667f742bd34ec7c55e", "name": "filer_public_thumbnails/filer_public/5b/ff/5bffde4d-0c8f-45f8-a656-c642d1e9e01e/inact_qc.png__32x32_q85_crop_subsampling-2_upscale.png", "modified": "2020-11-08T21:55:53.697", "source": 6}}, {"model": "easy_thumbnails.thumbnail", "pk": 25, "fields": {"storage_hash": "f9bde26a1556cd667f742bd34ec7c55e", "name": "filer_public_thumbnails/filer_public/78/9d/789d2a34-cee9-468b-babe-f78844b8d943/inact_ml.png__48x48_q85_crop_subsampling-2_upscale.png", "modified": "2020-11-08T21:55:53.709", "source": 5}}, {"model": "easy_thumbnails.thumbnail", "pk": 26, "fields": {"storage_hash": "f9bde26a1556cd667f742bd34ec7c55e", "name": "filer_public_thumbnails/filer_public/5b/ff/5bffde4d-0c8f-45f8-a656-c642d1e9e01e/inact_qc.png__48x48_q85_crop_subsampling-2_upscale.png", "modified": "2020-11-08T21:55:53.721", "source": 6}}, {"model": "easy_thumbnails.thumbnail", "pk": 27, "fields": {"storage_hash": "f9bde26a1556cd667f742bd34ec7c55e", "name": "filer_public_thumbnails/filer_public/78/9d/789d2a34-cee9-468b-babe-f78844b8d943/inact_ml.png__64x64_q85_crop_subsampling-2_upscale.png", "modified": "2020-11-08T21:55:53.735", "source": 5}}, {"model": "easy_thumbnails.thumbnail", "pk": 28, "fields": {"storage_hash": "f9bde26a1556cd667f742bd34ec7c55e", "name": "filer_public_thumbnails/filer_public/5b/ff/5bffde4d-0c8f-45f8-a656-c642d1e9e01e/inact_qc.png__64x64_q85_crop_subsampling-2_upscale.png", "modified": "2020-11-08T21:55:53.752", "source": 6}}, {"model": "easy_thumbnails.thumbnail", "pk": 29, "fields": {"storage_hash": "f9bde26a1556cd667f742bd34ec7c55e", "name": "filer_public_thumbnails/filer_public/78/9d/789d2a34-cee9-468b-babe-f78844b8d943/inact_ml.png__180x180_q85_crop_subsampling-2_upscale.png", "modified": "2020-11-08T21:55:53.790", "source": 5}}, {"model": "easy_thumbnails.thumbnail", "pk": 30, "fields": {"storage_hash": "f9bde26a1556cd667f742bd34ec7c55e", "name": "filer_public_thumbnails/filer_public/5b/ff/5bffde4d-0c8f-45f8-a656-c642d1e9e01e/inact_qc.png__180x180_q85_crop_subsampling-2_upscale.png", "modified": "2020-11-08T21:55:53.799", "source": 6}}, {"model": "easy_thumbnails.thumbnail", "pk": 31, "fields": {"storage_hash": "f9bde26a1556cd667f742bd34ec7c55e", "name": "filer_public_thumbnails/filer_public/50/81/50818c27-2904-4a33-a23c-d23709762664/blog1.png__16x16_q85_crop_subsampling-2_upscale.jpg", "modified": "2020-11-10T11:06:57.077", "source": 7}}, {"model": "easy_thumbnails.thumbnail", "pk": 32, "fields": {"storage_hash": "f9bde26a1556cd667f742bd34ec7c55e", "name": "filer_public_thumbnails/filer_public/bd/0b/bd0b5270-14e4-446f-8df5-af6c277c60c0/blog3.png__16x16_q85_crop_subsampling-2_upscale.jpg", "modified": "2020-11-10T11:06:57.099", "source": 9}}, {"model": "easy_thumbnails.thumbnail", "pk": 33, "fields": {"storage_hash": "f9bde26a1556cd667f742bd34ec7c55e", "name": "filer_public_thumbnails/filer_public/20/63/206399f4-b51d-4b9b-a008-18c15a2b6443/blog2.png__16x16_q85_crop_subsampling-2_upscale.jpg", "modified": "2020-11-10T11:06:57.088", "source": 8}}, {"model": "easy_thumbnails.thumbnail", "pk": 34, "fields": {"storage_hash": "f9bde26a1556cd667f742bd34ec7c55e", "name": "filer_public_thumbnails/filer_public/20/63/206399f4-b51d-4b9b-a008-18c15a2b6443/blog2.png__32x32_q85_crop_subsampling-2_upscale.jpg", "modified": "2020-11-10T11:06:57.192", "source": 8}}, {"model": "easy_thumbnails.thumbnail", "pk": 35, "fields": {"storage_hash": "f9bde26a1556cd667f742bd34ec7c55e", "name": "filer_public_thumbnails/filer_public/50/81/50818c27-2904-4a33-a23c-d23709762664/blog1.png__32x32_q85_crop_subsampling-2_upscale.jpg", "modified": "2020-11-10T11:06:57.203", "source": 7}}, {"model": "easy_thumbnails.thumbnail", "pk": 36, "fields": {"storage_hash": "f9bde26a1556cd667f742bd34ec7c55e", "name": "filer_public_thumbnails/filer_public/bd/0b/bd0b5270-14e4-446f-8df5-af6c277c60c0/blog3.png__32x32_q85_crop_subsampling-2_upscale.jpg", "modified": "2020-11-10T11:06:57.205", "source": 9}}, {"model": "easy_thumbnails.thumbnail", "pk": 37, "fields": {"storage_hash": "f9bde26a1556cd667f742bd34ec7c55e", "name": "filer_public_thumbnails/filer_public/20/63/206399f4-b51d-4b9b-a008-18c15a2b6443/blog2.png__48x48_q85_crop_subsampling-2_upscale.jpg", "modified": "2020-11-10T11:06:57.217", "source": 8}}, {"model": "easy_thumbnails.thumbnail", "pk": 38, "fields": {"storage_hash": "f9bde26a1556cd667f742bd34ec7c55e", "name": "filer_public_thumbnails/filer_public/bd/0b/bd0b5270-14e4-446f-8df5-af6c277c60c0/blog3.png__48x48_q85_crop_subsampling-2_upscale.jpg", "modified": "2020-11-10T11:06:57.229", "source": 9}}, {"model": "easy_thumbnails.thumbnail", "pk": 39, "fields": {"storage_hash": "f9bde26a1556cd667f742bd34ec7c55e", "name": "filer_public_thumbnails/filer_public/50/81/50818c27-2904-4a33-a23c-d23709762664/blog1.png__48x48_q85_crop_subsampling-2_upscale.jpg", "modified": "2020-11-10T11:06:57.234", "source": 7}}, {"model": "easy_thumbnails.thumbnail", "pk": 40, "fields": {"storage_hash": "f9bde26a1556cd667f742bd34ec7c55e", "name": "filer_public_thumbnails/filer_public/20/63/206399f4-b51d-4b9b-a008-18c15a2b6443/blog2.png__64x64_q85_crop_subsampling-2_upscale.jpg", "modified": "2020-11-10T11:06:57.240", "source": 8}}, {"model": "easy_thumbnails.thumbnail", "pk": 41, "fields": {"storage_hash": "f9bde26a1556cd667f742bd34ec7c55e", "name": "filer_public_thumbnails/filer_public/bd/0b/bd0b5270-14e4-446f-8df5-af6c277c60c0/blog3.png__64x64_q85_crop_subsampling-2_upscale.jpg", "modified": "2020-11-10T11:06:57.251", "source": 9}}, {"model": "easy_thumbnails.thumbnail", "pk": 42, "fields": {"storage_hash": "f9bde26a1556cd667f742bd34ec7c55e", "name": "filer_public_thumbnails/filer_public/20/63/206399f4-b51d-4b9b-a008-18c15a2b6443/blog2.png__180x180_q85_crop_subsampling-2_upscale.jpg", "modified": "2020-11-10T11:06:57.268", "source": 8}}, {"model": "easy_thumbnails.thumbnail", "pk": 43, "fields": {"storage_hash": "f9bde26a1556cd667f742bd34ec7c55e", "name": "filer_public_thumbnails/filer_public/50/81/50818c27-2904-4a33-a23c-d23709762664/blog1.png__64x64_q85_crop_subsampling-2_upscale.jpg", "modified": "2020-11-10T11:06:57.269", "source": 7}}, {"model": "easy_thumbnails.thumbnail", "pk": 44, "fields": {"storage_hash": "f9bde26a1556cd667f742bd34ec7c55e", "name": "filer_public_thumbnails/filer_public/bd/0b/bd0b5270-14e4-446f-8df5-af6c277c60c0/blog3.png__180x180_q85_crop_subsampling-2_upscale.jpg", "modified": "2020-11-10T11:06:57.286", "source": 9}}, {"model": "easy_thumbnails.thumbnail", "pk": 45, "fields": {"storage_hash": "f9bde26a1556cd667f742bd34ec7c55e", "name": "filer_public_thumbnails/filer_public/50/81/50818c27-2904-4a33-a23c-d23709762664/blog1.png__180x180_q85_crop_subsampling-2_upscale.jpg", "modified": "2020-11-10T11:06:57.306", "source": 7}}, {"model": "home.homepagebanners", "pk": 1, "fields": {"path": "0001", "depth": 1, "numchild": 0, "banner_title": "Leader", "desktop_banner_avatar": 1, "mobile_banner_avatar": null, "description": "<h3>15 Years of Expertise in Leading Teams Across Many Verticals. Currently Serving as a Director at\r\n                VMWare.</h3>", "published": true, "created_on": "2020-11-08T21:45:53.109", "updated_on": "2020-11-08T21:45:53.112"}}, {"model": "home.homepagebanners", "pk": 2, "fields": {"path": "0002", "depth": 1, "numchild": 0, "banner_title": "A Keen Science Enthusiast", "desktop_banner_avatar": 1, "mobile_banner_avatar": null, "description": "<h3>\"Being Aware of Nature and Science is as important as breathing\". Always been a curious explore of\r\n                the World around me.</h3>", "published": true, "created_on": "2020-11-08T21:46:12.857", "updated_on": "2020-11-08T21:46:12.859"}}, {"model": "home.homepagebanners", "pk": 3, "fields": {"path": "0003", "depth": 1, "numchild": 0, "banner_title": "Responsible Citizen", "desktop_banner_avatar": 1, "mobile_banner_avatar": null, "description": "<h3>Constantly Interacting with the youth of the country to create awareness through Instruct Sciene.\r\n              </h3>", "published": true, "created_on": "2020-11-08T21:46:31.863", "updated_on": "2020-11-08T21:46:31.864"}}, {"model": "home.expertise", "pk": 2, "fields": {"path": "0001", "depth": 1, "numchild": 0, "title": "Quantum Computing", "logo": 6, "description": "<p>Sed ut perspiciatis unde omnis iste natus error sit voluptatem accusantium doloremque laudantium,\r\n              totam rem aperiam, eaque ipsa quae ab illo inventore veritatis et quasi architecto beatae vitae dicta\r\n              sunt explicabo. Nemo enim ipsam voluptatem quia voluptas sit aspernatur aut odit aut fugit, sed quia\r\n              consequuntur magni dolores eos qui ratione voluptatem sequi nesciunt. Neque porro quisquam est, qui\r\n              dolorem ipsum quia dolor sit amet, consectetur, adipisci velit, sed quia non numquam eius modi tempora\r\n              incidunt ut labore et dolore magnam aliquam quaerat voluptatem. Ut enim ad minima veniam, quis nostrum\r\n              exercitationem ullam</p>", "published": true, "created_on": "2020-11-08T21:57:00.130", "updated_on": "2020-11-08T21:57:00.132"}}, {"model": "home.expertise", "pk": 3, "fields": {"path": "0002", "depth": 1, "numchild": 0, "title": "Artificial intelligence", "logo": 3, "description": "<p>Sed ut perspiciatis unde omnis iste natus error sit voluptatem accusantium doloremque laudantium,\r\n              totam rem aperiam, eaque ipsa quae ab illo inventore veritatis et quasi architecto beatae vitae dicta\r\n              sunt explicabo. Nemo enim ipsam voluptatem quia voluptas sit aspernatur aut odit aut fugit, sed quia\r\n              consequuntur magni dolores eos qui ratione voluptatem sequi nesciunt. Neque porro quisquam est, qui\r\n              dolorem ipsum quia dolor sit amet, consectetur, adipisci velit, sed quia non numquam eius modi tempora\r\n              incidunt ut labore et dolore magnam aliquam quaerat voluptatem. Ut enim ad minima veniam, quis nostrum\r\n              exercitationem ullam</p>", "published": true, "created_on": "2020-11-08T21:57:26.153", "updated_on": "2020-11-08T21:57:26.156"}}, {"model": "home.expertise", "pk": 4, "fields": {"path": "0003", "depth": 1, "numchild": 0, "title": "Machine learning", "logo": 5, "description": "<p>Sed ut perspiciatis unde omnis iste natus error sit voluptatem accusantium doloremque laudantium,\r\n              totam rem aperiam, eaque ipsa quae ab illo inventore veritatis et quasi architecto beatae vitae dicta\r\n              sunt explicabo. Nemo enim ipsam voluptatem quia voluptas sit aspernatur aut odit aut fugit, sed quia\r\n              consequuntur magni dolores eos qui ratione voluptatem sequi nesciunt. Neque porro quisquam est, qui\r\n              dolorem ipsum quia dolor sit amet, consectetur, adipisci velit, sed quia non numquam eius modi tempora\r\n              incidunt ut labore et dolore magnam aliquam quaerat voluptatem. Ut enim ad minima veniam, quis nostrum\r\n              exercitationem ullam</p>", "published": true, "created_on": "2020-11-08T21:57:43.447", "updated_on": "2020-11-08T21:57:43.449"}}, {"model": "home.expertise", "pk": 5, "fields": {"path": "0004", "depth": 1, "numchild": 0, "title": "Genetics", "logo": 4, "description": "<p>Sed ut perspiciatis unde omnis iste natus error sit voluptatem accusantium doloremque laudantium,\r\n              totam rem aperiam, eaque ipsa quae ab illo inventore veritatis et quasi architecto beatae vitae dicta\r\n              sunt explicabo. Nemo enim ipsam voluptatem quia voluptas sit aspernatur aut odit aut fugit, sed quia\r\n              consequuntur magni dolores eos qui ratione voluptatem sequi nesciunt. Neque porro quisquam est, qui\r\n              dolorem ipsum quia dolor sit amet, consectetur, adipisci velit, sed quia non numquam eius modi tempora\r\n              incidunt ut labore et dolore magnam aliquam quaerat voluptatem. Ut enim ad minima veniam, quis nostrum\r\n              exercitationem ullam</p>", "published": true, "created_on": "2020-11-08T21:58:16.232", "updated_on": "2020-11-08T21:58:16.235"}}, {"model": "home.expertise", "pk": 6, "fields": {"path": "0005", "depth": 1, "numchild": 0, "title": "Cloud computing", "logo": 2, "description": "<p>Sed ut perspiciatis unde omnis iste natus error sit voluptatem accusantium doloremque laudantium,\r\n              totam rem aperiam, eaque ipsa quae ab illo inventore veritatis et quasi architecto beatae vitae dicta\r\n              sunt explicabo. Nemo enim ipsam voluptatem quia voluptas sit aspernatur aut odit aut fugit, sed quia\r\n              consequuntur magni dolores eos qui ratione voluptatem sequi nesciunt. Neque porro quisquam est, qui\r\n              dolorem ipsum quia dolor sit amet, consectetur, adipisci velit, sed quia non numquam eius modi tempora\r\n              incidunt ut labore et dolore magnam aliquam quaerat voluptatem. Ut enim ad minima veniam, quis nostrum\r\n              exercitationem ullam</p>", "published": true, "created_on": "2020-11-08T21:58:53.815", "updated_on": "2020-11-08T21:58:53.820"}}, {"model": "blog.blogcategory", "pk": 1, "fields": {"path": "0001", "depth": 1, "numchild": 0, "category": "Category1", "created_on": "2020-11-10T10:54:49.381", "updated_on": "2020-11-10T10:54:49.425", "published": true}}, {"model": "blog.blogcategory", "pk": 2, "fields": {"path": "0002", "depth": 1, "numchild": 0, "category": "Category2", "created_on": "2020-11-10T10:54:55.571", "updated_on": "2020-11-10T10:54:55.572", "published": true}}, {"model": "blog.blogcategory", "pk": 3, "fields": {"path": "0003", "depth": 1, "numchild": 0, "category": "Category3", "created_on": "2020-11-10T10:55:06.780", "updated_on": "2020-11-10T10:55:06.784", "published": true}}, {"model": "blog.blogcategory", "pk": 4, "fields": {"path": "0004", "depth": 1, "numchild": 0, "category": "Category4", "created_on": "2020-11-10T10:55:12.604", "updated_on": "2020-11-10T10:55:12.606", "published": true}}, {"model": "blog.blogcategory", "pk": 5, "fields": {"path": "0005", "depth": 1, "numchild": 0, "category": "Category5", "created_on": "2020-11-10T10:55:17.007", "updated_on": "2020-11-10T10:55:17.009", "published": true}}, {"model": "blog.blogtopic", "pk": 2, "fields": {"path": "0001", "depth": 1, "numchild": 0, "blog_category": 1, "topic": "Topic1", "created_on": "2020-11-10T10:56:48.561", "updated_on": "2020-11-10T10:56:57.754", "published": true}}, {"model": "blog.blogtopic", "pk": 3, "fields": {"path": "0002", "depth": 1, "numchild": 0, "blog_category": 1, "topic": "Topic2", "created_on": "2020-11-10T10:57:04.498", "updated_on": "2020-11-10T10:57:04.500", "published": true}}, {"model": "blog.blogtopic", "pk": 4, "fields": {"path": "0003", "depth": 1, "numchild": 0, "blog_category": 2, "topic": "Topic3", "created_on": "2020-11-10T10:57:10.342", "updated_on": "2020-11-10T10:57:10.344", "published": true}}, {"model": "blog.blogtopic", "pk": 5, "fields": {"path": "0004", "depth": 1, "numchild": 0, "blog_category": 2, "topic": "Topic4", "created_on": "2020-11-10T10:57:17.379", "updated_on": "2020-11-10T10:57:17.382", "published": true}}, {"model": "blog.blogtopic", "pk": 6, "fields": {"path": "0005", "depth": 1, "numchild": 0, "blog_category": 3, "topic": "Topic5", "created_on": "2020-11-10T10:57:24.915", "updated_on": "2020-11-10T10:57:24.917", "published": true}}, {"model": "blog.blogtopic", "pk": 7, "fields": {"path": "0006", "depth": 1, "numchild": 0, "blog_category": 3, "topic": "Topic6", "created_on": "2020-11-10T10:57:31.805", "updated_on": "2020-11-10T10:57:31.807", "published": true}}, {"model": "blog.blogtopic", "pk": 8, "fields": {"path": "0007", "depth": 1, "numchild": 0, "blog_category": 4, "topic": "Topic7", "created_on": "2020-11-10T10:57:37.139", "updated_on": "2020-11-10T10:57:37.140", "published": true}}, {"model": "blog.blogtopic", "pk": 9, "fields": {"path": "0008", "depth": 1, "numchild": 0, "blog_category": 4, "topic": "Topic8", "created_on": "2020-11-10T10:57:41.731", "updated_on": "2020-11-10T10:57:51.036", "published": true}}, {"model": "blog.blogtopic", "pk": 10, "fields": {"path": "0009", "depth": 1, "numchild": 0, "blog_category": 5, "topic": "Topic9", "created_on": "2020-11-10T10:57:58.171", "updated_on": "2020-11-10T10:57:58.174", "published": true}}, {"model": "blog.blogtopic", "pk": 11, "fields": {"path": "000A", "depth": 1, "numchild": 0, "blog_category": 5, "topic": "Topic10", "created_on": "2020-11-10T10:58:05.064", "updated_on": "2020-11-10T10:58:05.067", "published": true}}, {"model": "blog.blogs", "pk": 1, "fields": {"path": "0001", "depth": 1, "numchild": 0, "blog_topic": 2, "blog_title": "Lorem ipsum dolor sit amet, consectetur adipiscing elit Phasellu", "slug": "lorem-ipsum-dolor-sit-amet-consectetur-adipiscing-elit-phasellu", "blog_short_description": "Consectetur adipiscing elit, sed do eiusmod tempor incididunt ut labore et dolore magna aliqua. Ut enim ad minim veniam, quis nostrud exercitation ullamco laboris nisi ut aliquip ex ea commodo consequat.", "blog_content": "<p>With self-quarantining taking a toll on individuals and businesses around the world, many are eagerly waiting for life to get back to as normal as things were before the virus started. The outbreak of COVID-19 has proven things that were once considered impossible are now being practiced excessively but with some challenges and caveats. With several countries gradually easing their isolation restrictions, the exercise of working from home is being shifted back to working from conventional offices with additional precautionary measures. This involves the transformation of traditional workplaces into an environment that is safe, hygienic, and caters to mental health needs. In order to make your workplace more safe and healthy, it is important to adhere to the guidelines essayed by organizations such as national Center for Disease Control (CDC), The American Society of Heating, Refrigeration and Air-conditioning Engineers (ASHRAE), and Indian Society of Heating, Refrigerating &amp; Air (ISHRAE) to control transmission of airborne particles and ensure a safe, healthy workplace. Some precautionary measures that can help ensure optimal workplace safety and employee well-being as you open the doors to your offices include, but aren&rsquo;t limited to:</p>\r\n\r\n<h4>Here are five reasons why its important to increase ventilation in buildings: -</h4>\r\n\r\n<ul>\r\n\t<li>Since COVID-19 is an airborne virus, diluting the pathogens inside the building can reduce the risk of its transmission. It is, therefore, recommended to ensure good airflow and ventilation rates through the installation of an air quality control system.</li>\r\n\t<li>Trapping of stale air enhances the risk of virus indoors. Hence, high priority should be given to a well-designed and effective ventilation system when it comes to building a space that ensures the flow of clean and fresh air.</li>\r\n\t<li>The risks of getting infected with COVID-19 can increase in winters as it is a season when we spend most of our time indoors. Hence, in order to curtail the spread of infection, it is vital to consider indoor air quality diagnostics and ventilate the building effectively.</li>\r\n\t<li>A buildings ventilation system should be checked at regular intervals to ensure there is enough airflow to dilute the virus in the inside air. One way to fulfil this is by ventilating the building for long or opting for ventilation with higher airflow volumes.&nbsp;</li>\r\n\t<li>Poor indoor air quality is not only responsible for increasing the risk of COVID-19 but also causes various respiratory problems. A <a href=\"https://www.rcpch.ac.uk/news-events/news/growing-evidence-linking-indoor-air-pollution-respiratory-problems-children\">joint report</a> by the Royal College of Paediatrics and Child Health (RCPCH) and the Royal College of Physicians show that there is growing evidence that respiratory issues among children may be outcomes of bad air quality in homes, schools, or nurseries. <a href=\"https://www.rcpch.ac.uk/news-events/news/growing-evidence-linking-indoor-air-pollution-respiratory-problems-children\">This landmark report,</a> involving a systematic review of 221 studies, present evidences that number of child health problems including asthma, conjunctivitis, wheezing, dermatitis, and eczema are the result of poor indoor air quality. Within the report, the sources of indoor air pollution are cited as smoking, dampness, burning of fossil fuels, the presence of dust particles, chemicals from building materials, furnishings, and so on.&nbsp;\r\n\t<p>&nbsp;</p>\r\n\t</li>\r\n</ul>\r\n\r\n<h4>Ventilation guidelines in COVID</h4>\r\n\r\n<p>In order to ensure the flow of clean air and maintain the thermal health of buildings, the Indian Society of Heating, Refrigerating, and Air Conditioning has come up with some guidelines that need to be followed at homes, offices, and hospitals. These guidelines include:&nbsp;</p>\r\n\r\n<ul>\r\n\t<li>Ensuring the thermal comfort of buildings by insulating the building properly</li>\r\n\t<li>Maintaining humidity levels between 40% and 60%</li>\r\n\t<li>Providing a high rate of airflow</li>\r\n\t<li>Reducing the building&rsquo;s temperature through passive design upgrades</li>\r\n</ul>\r\n\r\n<p>According to professionals and experts, terminating the use of air conditioners to prevent the spread of COVID-19 infection is not a long-term solution, and improving the ventilation system should be emphasized more. Most offices don&rsquo;t prefer air conditioners that allow the intake of fresh air as they increase the cost of running. However, in the current circumstances, clean and fresh air is one of the most important things that we need. As per experts, air conditioners should be run at 24 &ndash; 27 degrees to maintain the thermal health of buildings. Moreover, the air ducts of the ventilation system should also be cleaned at regular intervals to make sure that clean air circulates inside the building.&nbsp;</p>\r\n\r\n<p>What should the new and existing buildings do to ensure adequate ventilation?</p>\r\n\r\n<p>As the COVID-19 infection spreads at a rapid pace, new buildings should invest more in passive design upgrades and retrofits that can help in improving shading, insulation, and ventilation. New buildings should also keep ventilation for each room in primary focus along with the increased usage of technologies like H-13 certified filters, capable of processing particles up to 0.003 microns. In order to improve the thermal health of buildings, the overall heat load needs to be reduced. This can be done through the installation of rooftop solar panels or vertical gardens. In the case of older buildings devoid of any heating or ventilation systems, they should simply open windows to let in the outdoor air.</p>\r\n\r\n<p>It is therefore,&nbsp; important to realize that while recirculating air has become the default in our buildings, ventilating with outdoor air is vital in diluting the airborne contaminants and decreasing the transmission of infection. Hence, it wouldn&rsquo;t be wrong to say that in addition to everyday precautions taken by individuals, the building owners, managers, and employers have a vital role to play in creating a safe environment for themselves and other inhabitants.</p>", "content_published_date": "2020-11-10T11:04:07", "blog_image": 9, "blog_big_image": null, "blog_author": null, "search_friendly": "", "featured": true, "published": true, "created_on": "2020-11-10T11:07:51.233", "updated_on": "2020-11-10T11:07:51.287"}}, {"model": "blog.blogs", "pk": 3, "fields": {"path": "0002", "depth": 1, "numchild": 0, "blog_topic": 3, "blog_title": "Lorem ipsum dolor sit amet, consectetur adipiscing elit Phasellu2", "slug": "lorem-ipsum-dolor-sit-amet-consectetur-adipiscing-elit-phasellu2", "blog_short_description": "Consectetur adipiscing elit, sed do eiusmod tempor incididunt ut labore et dolore magna aliqua. Ut enim ad minim veniam, quis nostrud exercitation ullamco laboris nisi ut aliquip ex ea commodo consequat.", "blog_content": "<p>With self-quarantining taking a toll on individuals and businesses around the world, many are\r\n                        eagerly waiting for life to get back to as normal as things were before the virus started. The\r\n                        outbreak of COVID-19 has proven things that were once considered impossible are now being\r\n                        practiced excessively but with some challenges and caveats. With several countries gradually\r\n                        easing their isolation restrictions, the exercise of working from home is being shifted back to\r\n                        working from conventional offices with additional precautionary measures. This involves the\r\n                        transformation of traditional workplaces into an environment that is safe, hygienic, and caters\r\n                        to mental health needs. In order to make your workplace more safe and healthy, it is important\r\n                        to adhere to the guidelines essayed by organizations such as national Center for Disease Control\r\n                        (CDC), The American Society of Heating, Refrigeration and Air-conditioning Engineers (ASHRAE),\r\n                        and Indian Society of Heating, Refrigerating & Air (ISHRAE) to control transmission of airborne\r\n                        particles and ensure a safe, healthy workplace. Some precautionary measures that can help ensure\r\n                        optimal workplace safety and employee well-being as you open the doors to your offices include,\r\n                        but aren\u2019t limited to:</p>\r\n                     <h4>Here are five reasons why its important to increase ventilation in buildings: -</h4>\r\n                     <ul>\r\n                        <li>Since COVID-19 is an airborne virus, diluting the pathogens inside the building can reduce\r\n                           the risk of its transmission. It is, therefore, recommended to ensure good airflow and\r\n                           ventilation rates through the installation of an air quality control system.</li>\r\n                        <li>Trapping of stale air enhances the risk of virus indoors. Hence, high priority should be\r\n                           given to a well-designed and effective ventilation system when it comes to building a space\r\n                           that ensures the flow of clean and fresh air.</li>\r\n                        <li>The risks of getting infected with COVID-19 can increase in winters as it is a season when\r\n                           we spend most of our time indoors. Hence, in order to curtail the spread of infection, it is\r\n                           vital to consider indoor air quality diagnostics and ventilate the building effectively.</li>\r\n                        <li>A buildings ventilation system should be checked at regular intervals to ensure there is\r\n                           enough airflow to dilute the virus in the inside air. One way to fulfil this is by\r\n                           ventilating the building for long or opting for ventilation with higher airflow\r\n                           volumes.&nbsp;</li>\r\n                        <li>\r\n                           Poor indoor air quality is not only responsible for increasing the risk of COVID-19 but also\r\n                           causes various respiratory problems. A <a\r\n                              href=\"https://www.rcpch.ac.uk/news-events/news/growing-evidence-linking-indoor-air-pollution-respiratory-problems-children\">joint\r\n                              report</a> by the Royal College of Paediatrics and Child Health (RCPCH) and the Royal\r\n                           College of Physicians show that there is growing evidence that respiratory issues among\r\n                           children may be outcomes of bad air quality in homes, schools, or nurseries. <a\r\n                              href=\"https://www.rcpch.ac.uk/news-events/news/growing-evidence-linking-indoor-air-pollution-respiratory-problems-children\">This\r\n                              landmark report,</a> involving a systematic review of 221 studies, present evidences that\r\n                           number of child health problems including asthma, conjunctivitis, wheezing, dermatitis, and\r\n                           eczema are the result of poor indoor air quality. Within the report, the sources of indoor\r\n                           air pollution are cited as smoking, dampness, burning of fossil fuels, the presence of dust\r\n                           particles, chemicals from building materials, furnishings, and so on.&nbsp;\r\n                           <p>&nbsp;</p>\r\n                        </li>\r\n                     </ul>\r\n                     <h4>Ventilation guidelines in COVID</h4>\r\n                     <p>In order to ensure the flow of clean air and maintain the thermal health of buildings, the\r\n                        Indian Society of Heating, Refrigerating, and Air Conditioning has come up with some guidelines\r\n                        that need to be followed at homes, offices, and hospitals. These guidelines include:&nbsp;</p>\r\n                     <ul>\r\n                        <li>Ensuring the thermal comfort of buildings by insulating the building properly</li>\r\n                        <li>Maintaining humidity levels between 40% and 60%</li>\r\n                        <li>Providing a high rate of airflow</li>\r\n                        <li>Reducing the building&rsquo;s temperature through passive design upgrades</li>\r\n                     </ul>\r\n                     <p>According to professionals and experts, terminating the use of air conditioners to prevent the\r\n                        spread of COVID-19 infection is not a long-term solution, and improving the ventilation system\r\n                        should be emphasized more. Most offices don&rsquo;t prefer air conditioners that allow the\r\n                        intake of fresh air as they increase the cost of running. However, in the current circumstances,\r\n                        clean and fresh air is one of the most important things that we need. As per experts, air\r\n                        conditioners should be run at 24 &ndash; 27 degrees to maintain the thermal health of buildings.\r\n                        Moreover, the air ducts of the ventilation system should also be cleaned at regular intervals to\r\n                        make sure that clean air circulates inside the building.&nbsp;</p>\r\n                     <p>What should the new and existing buildings do to ensure adequate ventilation?</p>\r\n                     <p>As the COVID-19 infection spreads at a rapid pace, new buildings should invest more in passive\r\n                        design upgrades and retrofits that can help in improving shading, insulation, and ventilation.\r\n                        New buildings should also keep ventilation for each room in primary focus along with the\r\n                        increased usage of technologies like H-13 certified filters, capable of processing particles up\r\n                        to 0.003 microns. In order to improve the thermal health of buildings, the overall heat load\r\n                        needs to be reduced. This can be done through the installation of rooftop solar panels or\r\n                        vertical gardens. In the case of older buildings devoid of any heating or ventilation systems,\r\n                        they should simply open windows to let in the outdoor air.</p>\r\n                     <p>It is therefore,&nbsp; important to realize that while recirculating air has become the default\r\n                        in our buildings, ventilating with outdoor air is vital in diluting the airborne contaminants\r\n                        and decreasing the transmission of infection. Hence, it wouldn&rsquo;t be wrong to say that in\r\n                        addition to everyday precautions taken by individuals, the building owners, managers, and\r\n                        employers have a vital role to play in creating a safe environment for themselves and other\r\n                        inhabitants.</p>", "content_published_date": "2020-11-10T11:13:03", "blog_image": 7, "blog_big_image": null, "blog_author": null, "search_friendly": "", "featured": true, "published": true, "created_on": "2020-11-10T11:13:13.727", "updated_on": "2020-11-10T11:13:13.730"}}, {"model": "blog.blogs", "pk": 4, "fields": {"path": "0003", "depth": 1, "numchild": 0, "blog_topic": 2, "blog_title": "Lorem ipsum dolor sit amet, consectetur adipiscing elit Phasellu3", "slug": "lorem-ipsum-dolor-sit-amet-consectetur-adipiscing-elit-phasellu3", "blog_short_description": "Consectetur adipiscing elit, sed do eiusmod tempor incididunt ut labore et dolore magna aliqua. Ut enim ad minim veniam, quis nostrud exercitation ullamco laboris nisi ut aliquip ex ea commodo consequat.", "blog_content": "<p>With self-quarantining taking a toll on individuals and businesses around the world, many are\r\n                        eagerly waiting for life to get back to as normal as things were before the virus started. The\r\n                        outbreak of COVID-19 has proven things that were once considered impossible are now being\r\n                        practiced excessively but with some challenges and caveats. With several countries gradually\r\n                        easing their isolation restrictions, the exercise of working from home is being shifted back to\r\n                        working from conventional offices with additional precautionary measures. This involves the\r\n                        transformation of traditional workplaces into an environment that is safe, hygienic, and caters\r\n                        to mental health needs. In order to make your workplace more safe and healthy, it is important\r\n                        to adhere to the guidelines essayed by organizations such as national Center for Disease Control\r\n                        (CDC), The American Society of Heating, Refrigeration and Air-conditioning Engineers (ASHRAE),\r\n                        and Indian Society of Heating, Refrigerating & Air (ISHRAE) to control transmission of airborne\r\n                        particles and ensure a safe, healthy workplace. Some precautionary measures that can help ensure\r\n                        optimal workplace safety and employee well-being as you open the doors to your offices include,\r\n                        but aren\u2019t limited to:</p>\r\n                     <h4>Here are five reasons why its important to increase ventilation in buildings: -</h4>\r\n                     <ul>\r\n                        <li>Since COVID-19 is an airborne virus, diluting the pathogens inside the building can reduce\r\n                           the risk of its transmission. It is, therefore, recommended to ensure good airflow and\r\n                           ventilation rates through the installation of an air quality control system.</li>\r\n                        <li>Trapping of stale air enhances the risk of virus indoors. Hence, high priority should be\r\n                           given to a well-designed and effective ventilation system when it comes to building a space\r\n                           that ensures the flow of clean and fresh air.</li>\r\n                        <li>The risks of getting infected with COVID-19 can increase in winters as it is a season when\r\n                           we spend most of our time indoors. Hence, in order to curtail the spread of infection, it is\r\n                           vital to consider indoor air quality diagnostics and ventilate the building effectively.</li>\r\n                        <li>A buildings ventilation system should be checked at regular intervals to ensure there is\r\n                           enough airflow to dilute the virus in the inside air. One way to fulfil this is by\r\n                           ventilating the building for long or opting for ventilation with higher airflow\r\n                           volumes.&nbsp;</li>\r\n                        <li>\r\n                           Poor indoor air quality is not only responsible for increasing the risk of COVID-19 but also\r\n                           causes various respiratory problems. A <a\r\n                              href=\"https://www.rcpch.ac.uk/news-events/news/growing-evidence-linking-indoor-air-pollution-respiratory-problems-children\">joint\r\n                              report</a> by the Royal College of Paediatrics and Child Health (RCPCH) and the Royal\r\n                           College of Physicians show that there is growing evidence that respiratory issues among\r\n                           children may be outcomes of bad air quality in homes, schools, or nurseries. <a\r\n                              href=\"https://www.rcpch.ac.uk/news-events/news/growing-evidence-linking-indoor-air-pollution-respiratory-problems-children\">This\r\n                              landmark report,</a> involving a systematic review of 221 studies, present evidences that\r\n                           number of child health problems including asthma, conjunctivitis, wheezing, dermatitis, and\r\n                           eczema are the result of poor indoor air quality. Within the report, the sources of indoor\r\n                           air pollution are cited as smoking, dampness, burning of fossil fuels, the presence of dust\r\n                           particles, chemicals from building materials, furnishings, and so on.&nbsp;\r\n                           <p>&nbsp;</p>\r\n                        </li>\r\n                     </ul>\r\n                     <h4>Ventilation guidelines in COVID</h4>\r\n                     <p>In order to ensure the flow of clean air and maintain the thermal health of buildings, the\r\n                        Indian Society of Heating, Refrigerating, and Air Conditioning has come up with some guidelines\r\n                        that need to be followed at homes, offices, and hospitals. These guidelines include:&nbsp;</p>\r\n                     <ul>\r\n                        <li>Ensuring the thermal comfort of buildings by insulating the building properly</li>\r\n                        <li>Maintaining humidity levels between 40% and 60%</li>\r\n                        <li>Providing a high rate of airflow</li>\r\n                        <li>Reducing the building&rsquo;s temperature through passive design upgrades</li>\r\n                     </ul>\r\n                     <p>According to professionals and experts, terminating the use of air conditioners to prevent the\r\n                        spread of COVID-19 infection is not a long-term solution, and improving the ventilation system\r\n                        should be emphasized more. Most offices don&rsquo;t prefer air conditioners that allow the\r\n                        intake of fresh air as they increase the cost of running. However, in the current circumstances,\r\n                        clean and fresh air is one of the most important things that we need. As per experts, air\r\n                        conditioners should be run at 24 &ndash; 27 degrees to maintain the thermal health of buildings.\r\n                        Moreover, the air ducts of the ventilation system should also be cleaned at regular intervals to\r\n                        make sure that clean air circulates inside the building.&nbsp;</p>\r\n                     <p>What should the new and existing buildings do to ensure adequate ventilation?</p>\r\n                     <p>As the COVID-19 infection spreads at a rapid pace, new buildings should invest more in passive\r\n                        design upgrades and retrofits that can help in improving shading, insulation, and ventilation.\r\n                        New buildings should also keep ventilation for each room in primary focus along with the\r\n                        increased usage of technologies like H-13 certified filters, capable of processing particles up\r\n                        to 0.003 microns. In order to improve the thermal health of buildings, the overall heat load\r\n                        needs to be reduced. This can be done through the installation of rooftop solar panels or\r\n                        vertical gardens. In the case of older buildings devoid of any heating or ventilation systems,\r\n                        they should simply open windows to let in the outdoor air.</p>\r\n                     <p>It is therefore,&nbsp; important to realize that while recirculating air has become the default\r\n                        in our buildings, ventilating with outdoor air is vital in diluting the airborne contaminants\r\n                        and decreasing the transmission of infection. Hence, it wouldn&rsquo;t be wrong to say that in\r\n                        addition to everyday precautions taken by individuals, the building owners, managers, and\r\n                        employers have a vital role to play in creating a safe environment for themselves and other\r\n                        inhabitants.</p>", "content_published_date": "2020-11-10T11:13:31", "blog_image": 8, "blog_big_image": null, "blog_author": null, "search_friendly": "", "featured": true, "published": true, "created_on": "2020-11-10T11:13:36.269", "updated_on": "2020-11-10T11:13:36.272"}}, {"model": "blog.blogs", "pk": 5, "fields": {"path": "0004", "depth": 1, "numchild": 0, "blog_topic": 3, "blog_title": "Lorem ipsum dolor sit amet, consectetur adipiscing elit Phasellu4", "slug": "lorem-ipsum-dolor-sit-amet-consectetur-adipiscing-elit-phasellu4", "blog_short_description": "Consectetur adipiscing elit, sed do eiusmod tempor incididunt ut labore et dolore magna aliqua. Ut enim ad minim veniam, quis nostrud exercitation ullamco laboris nisi ut aliquip ex ea commodo consequat.", "blog_content": "<p>With self-quarantining taking a toll on individuals and businesses around the world, many are\r\n                        eagerly waiting for life to get back to as normal as things were before the virus started. The\r\n                        outbreak of COVID-19 has proven things that were once considered impossible are now being\r\n                        practiced excessively but with some challenges and caveats. With several countries gradually\r\n                        easing their isolation restrictions, the exercise of working from home is being shifted back to\r\n                        working from conventional offices with additional precautionary measures. This involves the\r\n                        transformation of traditional workplaces into an environment that is safe, hygienic, and caters\r\n                        to mental health needs. In order to make your workplace more safe and healthy, it is important\r\n                        to adhere to the guidelines essayed by organizations such as national Center for Disease Control\r\n                        (CDC), The American Society of Heating, Refrigeration and Air-conditioning Engineers (ASHRAE),\r\n                        and Indian Society of Heating, Refrigerating & Air (ISHRAE) to control transmission of airborne\r\n                        particles and ensure a safe, healthy workplace. Some precautionary measures that can help ensure\r\n                        optimal workplace safety and employee well-being as you open the doors to your offices include,\r\n                        but aren\u2019t limited to:</p>\r\n                     <h4>Here are five reasons why its important to increase ventilation in buildings: -</h4>\r\n                     <ul>\r\n                        <li>Since COVID-19 is an airborne virus, diluting the pathogens inside the building can reduce\r\n                           the risk of its transmission. It is, therefore, recommended to ensure good airflow and\r\n                           ventilation rates through the installation of an air quality control system.</li>\r\n                        <li>Trapping of stale air enhances the risk of virus indoors. Hence, high priority should be\r\n                           given to a well-designed and effective ventilation system when it comes to building a space\r\n                           that ensures the flow of clean and fresh air.</li>\r\n                        <li>The risks of getting infected with COVID-19 can increase in winters as it is a season when\r\n                           we spend most of our time indoors. Hence, in order to curtail the spread of infection, it is\r\n                           vital to consider indoor air quality diagnostics and ventilate the building effectively.</li>\r\n                        <li>A buildings ventilation system should be checked at regular intervals to ensure there is\r\n                           enough airflow to dilute the virus in the inside air. One way to fulfil this is by\r\n                           ventilating the building for long or opting for ventilation with higher airflow\r\n                           volumes.&nbsp;</li>\r\n                        <li>\r\n                           Poor indoor air quality is not only responsible for increasing the risk of COVID-19 but also\r\n                           causes various respiratory problems. A <a\r\n                              href=\"https://www.rcpch.ac.uk/news-events/news/growing-evidence-linking-indoor-air-pollution-respiratory-problems-children\">joint\r\n                              report</a> by the Royal College of Paediatrics and Child Health (RCPCH) and the Royal\r\n                           College of Physicians show that there is growing evidence that respiratory issues among\r\n                           children may be outcomes of bad air quality in homes, schools, or nurseries. <a\r\n                              href=\"https://www.rcpch.ac.uk/news-events/news/growing-evidence-linking-indoor-air-pollution-respiratory-problems-children\">This\r\n                              landmark report,</a> involving a systematic review of 221 studies, present evidences that\r\n                           number of child health problems including asthma, conjunctivitis, wheezing, dermatitis, and\r\n                           eczema are the result of poor indoor air quality. Within the report, the sources of indoor\r\n                           air pollution are cited as smoking, dampness, burning of fossil fuels, the presence of dust\r\n                           particles, chemicals from building materials, furnishings, and so on.&nbsp;\r\n                           <p>&nbsp;</p>\r\n                        </li>\r\n                     </ul>\r\n                     <h4>Ventilation guidelines in COVID</h4>\r\n                     <p>In order to ensure the flow of clean air and maintain the thermal health of buildings, the\r\n                        Indian Society of Heating, Refrigerating, and Air Conditioning has come up with some guidelines\r\n                        that need to be followed at homes, offices, and hospitals. These guidelines include:&nbsp;</p>\r\n                     <ul>\r\n                        <li>Ensuring the thermal comfort of buildings by insulating the building properly</li>\r\n                        <li>Maintaining humidity levels between 40% and 60%</li>\r\n                        <li>Providing a high rate of airflow</li>\r\n                        <li>Reducing the building&rsquo;s temperature through passive design upgrades</li>\r\n                     </ul>\r\n                     <p>According to professionals and experts, terminating the use of air conditioners to prevent the\r\n                        spread of COVID-19 infection is not a long-term solution, and improving the ventilation system\r\n                        should be emphasized more. Most offices don&rsquo;t prefer air conditioners that allow the\r\n                        intake of fresh air as they increase the cost of running. However, in the current circumstances,\r\n                        clean and fresh air is one of the most important things that we need. As per experts, air\r\n                        conditioners should be run at 24 &ndash; 27 degrees to maintain the thermal health of buildings.\r\n                        Moreover, the air ducts of the ventilation system should also be cleaned at regular intervals to\r\n                        make sure that clean air circulates inside the building.&nbsp;</p>\r\n                     <p>What should the new and existing buildings do to ensure adequate ventilation?</p>\r\n                     <p>As the COVID-19 infection spreads at a rapid pace, new buildings should invest more in passive\r\n                        design upgrades and retrofits that can help in improving shading, insulation, and ventilation.\r\n                        New buildings should also keep ventilation for each room in primary focus along with the\r\n                        increased usage of technologies like H-13 certified filters, capable of processing particles up\r\n                        to 0.003 microns. In order to improve the thermal health of buildings, the overall heat load\r\n                        needs to be reduced. This can be done through the installation of rooftop solar panels or\r\n                        vertical gardens. In the case of older buildings devoid of any heating or ventilation systems,\r\n                        they should simply open windows to let in the outdoor air.</p>\r\n                     <p>It is therefore,&nbsp; important to realize that while recirculating air has become the default\r\n                        in our buildings, ventilating with outdoor air is vital in diluting the airborne contaminants\r\n                        and decreasing the transmission of infection. Hence, it wouldn&rsquo;t be wrong to say that in\r\n                        addition to everyday precautions taken by individuals, the building owners, managers, and\r\n                        employers have a vital role to play in creating a safe environment for themselves and other\r\n                        inhabitants.</p>", "content_published_date": "2020-11-10T11:13:55", "blog_image": 9, "blog_big_image": null, "blog_author": null, "search_friendly": "", "featured": true, "published": true, "created_on": "2020-11-10T11:14:00.924", "updated_on": "2020-11-10T11:14:00.927"}}, {"model": "blog.blogs", "pk": 6, "fields": {"path": "0005", "depth": 1, "numchild": 0, "blog_topic": 4, "blog_title": "Lorem ipsum dolor sit amet, consectetur adipiscing elit Phasellu5", "slug": "lorem-ipsum-dolor-sit-amet-consectetur-adipiscing-elit-phasellu5", "blog_short_description": "Consectetur adipiscing elit, sed do eiusmod tempor incididunt ut labore et dolore magna aliqua. Ut enim ad minim veniam, quis nostrud exercitation ullamco laboris nisi ut aliquip ex ea commodo consequat.", "blog_content": "<p>With self-quarantining taking a toll on individuals and businesses around the world, many are\r\n                        eagerly waiting for life to get back to as normal as things were before the virus started. The\r\n                        outbreak of COVID-19 has proven things that were once considered impossible are now being\r\n                        practiced excessively but with some challenges and caveats. With several countries gradually\r\n                        easing their isolation restrictions, the exercise of working from home is being shifted back to\r\n                        working from conventional offices with additional precautionary measures. This involves the\r\n                        transformation of traditional workplaces into an environment that is safe, hygienic, and caters\r\n                        to mental health needs. In order to make your workplace more safe and healthy, it is important\r\n                        to adhere to the guidelines essayed by organizations such as national Center for Disease Control\r\n                        (CDC), The American Society of Heating, Refrigeration and Air-conditioning Engineers (ASHRAE),\r\n                        and Indian Society of Heating, Refrigerating & Air (ISHRAE) to control transmission of airborne\r\n                        particles and ensure a safe, healthy workplace. Some precautionary measures that can help ensure\r\n                        optimal workplace safety and employee well-being as you open the doors to your offices include,\r\n                        but aren\u2019t limited to:</p>\r\n                     <h4>Here are five reasons why its important to increase ventilation in buildings: -</h4>\r\n                     <ul>\r\n                        <li>Since COVID-19 is an airborne virus, diluting the pathogens inside the building can reduce\r\n                           the risk of its transmission. It is, therefore, recommended to ensure good airflow and\r\n                           ventilation rates through the installation of an air quality control system.</li>\r\n                        <li>Trapping of stale air enhances the risk of virus indoors. Hence, high priority should be\r\n                           given to a well-designed and effective ventilation system when it comes to building a space\r\n                           that ensures the flow of clean and fresh air.</li>\r\n                        <li>The risks of getting infected with COVID-19 can increase in winters as it is a season when\r\n                           we spend most of our time indoors. Hence, in order to curtail the spread of infection, it is\r\n                           vital to consider indoor air quality diagnostics and ventilate the building effectively.</li>\r\n                        <li>A buildings ventilation system should be checked at regular intervals to ensure there is\r\n                           enough airflow to dilute the virus in the inside air. One way to fulfil this is by\r\n                           ventilating the building for long or opting for ventilation with higher airflow\r\n                           volumes.&nbsp;</li>\r\n                        <li>\r\n                           Poor indoor air quality is not only responsible for increasing the risk of COVID-19 but also\r\n                           causes various respiratory problems. A <a\r\n                              href=\"https://www.rcpch.ac.uk/news-events/news/growing-evidence-linking-indoor-air-pollution-respiratory-problems-children\">joint\r\n                              report</a> by the Royal College of Paediatrics and Child Health (RCPCH) and the Royal\r\n                           College of Physicians show that there is growing evidence that respiratory issues among\r\n                           children may be outcomes of bad air quality in homes, schools, or nurseries. <a\r\n                              href=\"https://www.rcpch.ac.uk/news-events/news/growing-evidence-linking-indoor-air-pollution-respiratory-problems-children\">This\r\n                              landmark report,</a> involving a systematic review of 221 studies, present evidences that\r\n                           number of child health problems including asthma, conjunctivitis, wheezing, dermatitis, and\r\n                           eczema are the result of poor indoor air quality. Within the report, the sources of indoor\r\n                           air pollution are cited as smoking, dampness, burning of fossil fuels, the presence of dust\r\n                           particles, chemicals from building materials, furnishings, and so on.&nbsp;\r\n                           <p>&nbsp;</p>\r\n                        </li>\r\n                     </ul>\r\n                     <h4>Ventilation guidelines in COVID</h4>\r\n                     <p>In order to ensure the flow of clean air and maintain the thermal health of buildings, the\r\n                        Indian Society of Heating, Refrigerating, and Air Conditioning has come up with some guidelines\r\n                        that need to be followed at homes, offices, and hospitals. These guidelines include:&nbsp;</p>\r\n                     <ul>\r\n                        <li>Ensuring the thermal comfort of buildings by insulating the building properly</li>\r\n                        <li>Maintaining humidity levels between 40% and 60%</li>\r\n                        <li>Providing a high rate of airflow</li>\r\n                        <li>Reducing the building&rsquo;s temperature through passive design upgrades</li>\r\n                     </ul>\r\n                     <p>According to professionals and experts, terminating the use of air conditioners to prevent the\r\n                        spread of COVID-19 infection is not a long-term solution, and improving the ventilation system\r\n                        should be emphasized more. Most offices don&rsquo;t prefer air conditioners that allow the\r\n                        intake of fresh air as they increase the cost of running. However, in the current circumstances,\r\n                        clean and fresh air is one of the most important things that we need. As per experts, air\r\n                        conditioners should be run at 24 &ndash; 27 degrees to maintain the thermal health of buildings.\r\n                        Moreover, the air ducts of the ventilation system should also be cleaned at regular intervals to\r\n                        make sure that clean air circulates inside the building.&nbsp;</p>\r\n                     <p>What should the new and existing buildings do to ensure adequate ventilation?</p>\r\n                     <p>As the COVID-19 infection spreads at a rapid pace, new buildings should invest more in passive\r\n                        design upgrades and retrofits that can help in improving shading, insulation, and ventilation.\r\n                        New buildings should also keep ventilation for each room in primary focus along with the\r\n                        increased usage of technologies like H-13 certified filters, capable of processing particles up\r\n                        to 0.003 microns. In order to improve the thermal health of buildings, the overall heat load\r\n                        needs to be reduced. This can be done through the installation of rooftop solar panels or\r\n                        vertical gardens. In the case of older buildings devoid of any heating or ventilation systems,\r\n                        they should simply open windows to let in the outdoor air.</p>\r\n                     <p>It is therefore,&nbsp; important to realize that while recirculating air has become the default\r\n                        in our buildings, ventilating with outdoor air is vital in diluting the airborne contaminants\r\n                        and decreasing the transmission of infection. Hence, it wouldn&rsquo;t be wrong to say that in\r\n                        addition to everyday precautions taken by individuals, the building owners, managers, and\r\n                        employers have a vital role to play in creating a safe environment for themselves and other\r\n                        inhabitants.</p>", "content_published_date": "2020-11-10T11:14:46", "blog_image": 7, "blog_big_image": null, "blog_author": null, "search_friendly": "", "featured": true, "published": true, "created_on": "2020-11-10T11:14:51.985", "updated_on": "2020-11-10T11:14:51.987"}}, {"model": "blog.subscription", "pk": 1, "fields": {"email_id": "dheerraj2008@gmail.com", "hash": "<built-in function hash>", "notification": "Weekly", "subscribed": true, "created_on": "2020-11-13T13:17:14.576", "updated_on": "2020-11-13T13:17:14.778"}}, {"model": "blog.subscription", "pk": 4, "fields": {"email_id": "ayush@webenza.com", "hash": "385ee919c4b8435a6dafd4bd34fc5b16", "notification": "Weekly", "subscribed": true, "created_on": "2020-11-13T13:29:15.096", "updated_on": "2020-11-13T13:29:15.300"}}, {"model": "auth.permission", "pk": 1, "fields": {"name": "Can add log entry", "content_type": 1, "codename": "add_logentry"}}, {"model": "auth.permission", "pk": 2, "fields": {"name": "Can change log entry", "content_type": 1, "codename": "change_logentry"}}, {"model": "auth.permission", "pk": 3, "fields": {"name": "Can delete log entry", "content_type": 1, "codename": "delete_logentry"}}, {"model": "auth.permission", "pk": 4, "fields": {"name": "Can view log entry", "content_type": 1, "codename": "view_logentry"}}, {"model": "auth.permission", "pk": 5, "fields": {"name": "Can add permission", "content_type": 2, "codename": "add_permission"}}, {"model": "auth.permission", "pk": 6, "fields": {"name": "Can change permission", "content_type": 2, "codename": "change_permission"}}, {"model": "auth.permission", "pk": 7, "fields": {"name": "Can delete permission", "content_type": 2, "codename": "delete_permission"}}, {"model": "auth.permission", "pk": 8, "fields": {"name": "Can view permission", "content_type": 2, "codename": "view_permission"}}, {"model": "auth.permission", "pk": 9, "fields": {"name": "Can add group", "content_type": 3, "codename": "add_group"}}, {"model": "auth.permission", "pk": 10, "fields": {"name": "Can change group", "content_type": 3, "codename": "change_group"}}, {"model": "auth.permission", "pk": 11, "fields": {"name": "Can delete group", "content_type": 3, "codename": "delete_group"}}, {"model": "auth.permission", "pk": 12, "fields": {"name": "Can view group", "content_type": 3, "codename": "view_group"}}, {"model": "auth.permission", "pk": 13, "fields": {"name": "Can add user", "content_type": 4, "codename": "add_user"}}, {"model": "auth.permission", "pk": 14, "fields": {"name": "Can change user", "content_type": 4, "codename": "change_user"}}, {"model": "auth.permission", "pk": 15, "fields": {"name": "Can delete user", "content_type": 4, "codename": "delete_user"}}, {"model": "auth.permission", "pk": 16, "fields": {"name": "Can view user", "content_type": 4, "codename": "view_user"}}, {"model": "auth.permission", "pk": 17, "fields": {"name": "Can add content type", "content_type": 5, "codename": "add_contenttype"}}, {"model": "auth.permission", "pk": 18, "fields": {"name": "Can change content type", "content_type": 5, "codename": "change_contenttype"}}, {"model": "auth.permission", "pk": 19, "fields": {"name": "Can delete content type", "content_type": 5, "codename": "delete_contenttype"}}, {"model": "auth.permission", "pk": 20, "fields": {"name": "Can view content type", "content_type": 5, "codename": "view_contenttype"}}, {"model": "auth.permission", "pk": 21, "fields": {"name": "Can add session", "content_type": 6, "codename": "add_session"}}, {"model": "auth.permission", "pk": 22, "fields": {"name": "Can change session", "content_type": 6, "codename": "change_session"}}, {"model": "auth.permission", "pk": 23, "fields": {"name": "Can delete session", "content_type": 6, "codename": "delete_session"}}, {"model": "auth.permission", "pk": 24, "fields": {"name": "Can view session", "content_type": 6, "codename": "view_session"}}, {"model": "auth.permission", "pk": 25, "fields": {"name": "Can add site", "content_type": 7, "codename": "add_site"}}, {"model": "auth.permission", "pk": 26, "fields": {"name": "Can change site", "content_type": 7, "codename": "change_site"}}, {"model": "auth.permission", "pk": 27, "fields": {"name": "Can delete site", "content_type": 7, "codename": "delete_site"}}, {"model": "auth.permission", "pk": 28, "fields": {"name": "Can view site", "content_type": 7, "codename": "view_site"}}, {"model": "auth.permission", "pk": 29, "fields": {"name": "Can add clipboard", "content_type": 8, "codename": "add_clipboard"}}, {"model": "auth.permission", "pk": 30, "fields": {"name": "Can change clipboard", "content_type": 8, "codename": "change_clipboard"}}, {"model": "auth.permission", "pk": 31, "fields": {"name": "Can delete clipboard", "content_type": 8, "codename": "delete_clipboard"}}, {"model": "auth.permission", "pk": 32, "fields": {"name": "Can view clipboard", "content_type": 8, "codename": "view_clipboard"}}, {"model": "auth.permission", "pk": 33, "fields": {"name": "Can add clipboard item", "content_type": 9, "codename": "add_clipboarditem"}}, {"model": "auth.permission", "pk": 34, "fields": {"name": "Can change clipboard item", "content_type": 9, "codename": "change_clipboarditem"}}, {"model": "auth.permission", "pk": 35, "fields": {"name": "Can delete clipboard item", "content_type": 9, "codename": "delete_clipboarditem"}}, {"model": "auth.permission", "pk": 36, "fields": {"name": "Can view clipboard item", "content_type": 9, "codename": "view_clipboarditem"}}, {"model": "auth.permission", "pk": 37, "fields": {"name": "Can add file", "content_type": 10, "codename": "add_file"}}, {"model": "auth.permission", "pk": 38, "fields": {"name": "Can change file", "content_type": 10, "codename": "change_file"}}, {"model": "auth.permission", "pk": 39, "fields": {"name": "Can delete file", "content_type": 10, "codename": "delete_file"}}, {"model": "auth.permission", "pk": 40, "fields": {"name": "Can view file", "content_type": 10, "codename": "view_file"}}, {"model": "auth.permission", "pk": 41, "fields": {"name": "Can add Folder", "content_type": 11, "codename": "add_folder"}}, {"model": "auth.permission", "pk": 42, "fields": {"name": "Can change Folder", "content_type": 11, "codename": "change_folder"}}, {"model": "auth.permission", "pk": 43, "fields": {"name": "Can delete Folder", "content_type": 11, "codename": "delete_folder"}}, {"model": "auth.permission", "pk": 44, "fields": {"name": "Can view Folder", "content_type": 11, "codename": "view_folder"}}, {"model": "auth.permission", "pk": 45, "fields": {"name": "Can use directory listing", "content_type": 11, "codename": "can_use_directory_listing"}}, {"model": "auth.permission", "pk": 46, "fields": {"name": "Can add folder permission", "content_type": 12, "codename": "add_folderpermission"}}, {"model": "auth.permission", "pk": 47, "fields": {"name": "Can change folder permission", "content_type": 12, "codename": "change_folderpermission"}}, {"model": "auth.permission", "pk": 48, "fields": {"name": "Can delete folder permission", "content_type": 12, "codename": "delete_folderpermission"}}, {"model": "auth.permission", "pk": 49, "fields": {"name": "Can view folder permission", "content_type": 12, "codename": "view_folderpermission"}}, {"model": "auth.permission", "pk": 50, "fields": {"name": "Can add image", "content_type": 13, "codename": "add_image"}}, {"model": "auth.permission", "pk": 51, "fields": {"name": "Can change image", "content_type": 13, "codename": "change_image"}}, {"model": "auth.permission", "pk": 52, "fields": {"name": "Can delete image", "content_type": 13, "codename": "delete_image"}}, {"model": "auth.permission", "pk": 53, "fields": {"name": "Can view image", "content_type": 13, "codename": "view_image"}}, {"model": "auth.permission", "pk": 54, "fields": {"name": "Can add thumbnail option", "content_type": 14, "codename": "add_thumbnailoption"}}, {"model": "auth.permission", "pk": 55, "fields": {"name": "Can change thumbnail option", "content_type": 14, "codename": "change_thumbnailoption"}}, {"model": "auth.permission", "pk": 56, "fields": {"name": "Can delete thumbnail option", "content_type": 14, "codename": "delete_thumbnailoption"}}, {"model": "auth.permission", "pk": 57, "fields": {"name": "Can view thumbnail option", "content_type": 14, "codename": "view_thumbnailoption"}}, {"model": "auth.permission", "pk": 58, "fields": {"name": "Can add source", "content_type": 15, "codename": "add_source"}}, {"model": "auth.permission", "pk": 59, "fields": {"name": "Can change source", "content_type": 15, "codename": "change_source"}}, {"model": "auth.permission", "pk": 60, "fields": {"name": "Can delete source", "content_type": 15, "codename": "delete_source"}}, {"model": "auth.permission", "pk": 61, "fields": {"name": "Can view source", "content_type": 15, "codename": "view_source"}}, {"model": "auth.permission", "pk": 62, "fields": {"name": "Can add thumbnail", "content_type": 16, "codename": "add_thumbnail"}}, {"model": "auth.permission", "pk": 63, "fields": {"name": "Can change thumbnail", "content_type": 16, "codename": "change_thumbnail"}}, {"model": "auth.permission", "pk": 64, "fields": {"name": "Can delete thumbnail", "content_type": 16, "codename": "delete_thumbnail"}}, {"model": "auth.permission", "pk": 65, "fields": {"name": "Can view thumbnail", "content_type": 16, "codename": "view_thumbnail"}}, {"model": "auth.permission", "pk": 66, "fields": {"name": "Can add thumbnail dimensions", "content_type": 17, "codename": "add_thumbnaildimensions"}}, {"model": "auth.permission", "pk": 67, "fields": {"name": "Can change thumbnail dimensions", "content_type": 17, "codename": "change_thumbnaildimensions"}}, {"model": "auth.permission", "pk": 68, "fields": {"name": "Can delete thumbnail dimensions", "content_type": 17, "codename": "delete_thumbnaildimensions"}}, {"model": "auth.permission", "pk": 69, "fields": {"name": "Can view thumbnail dimensions", "content_type": 17, "codename": "view_thumbnaildimensions"}}, {"model": "auth.permission", "pk": 70, "fields": {"name": "Can add Home Page Banners", "content_type": 18, "codename": "add_homepagebanners"}}, {"model": "auth.permission", "pk": 71, "fields": {"name": "Can change Home Page Banners", "content_type": 18, "codename": "change_homepagebanners"}}, {"model": "auth.permission", "pk": 72, "fields": {"name": "Can delete Home Page Banners", "content_type": 18, "codename": "delete_homepagebanners"}}, {"model": "auth.permission", "pk": 73, "fields": {"name": "Can view Home Page Banners", "content_type": 18, "codename": "view_homepagebanners"}}, {"model": "auth.permission", "pk": 74, "fields": {"name": "Can add Expertise", "content_type": 19, "codename": "add_expertise"}}, {"model": "auth.permission", "pk": 75, "fields": {"name": "Can change Expertise", "content_type": 19, "codename": "change_expertise"}}, {"model": "auth.permission", "pk": 76, "fields": {"name": "Can delete Expertise", "content_type": 19, "codename": "delete_expertise"}}, {"model": "auth.permission", "pk": 77, "fields": {"name": "Can view Expertise", "content_type": 19, "codename": "view_expertise"}}, {"model": "auth.permission", "pk": 78, "fields": {"name": "Can add Blog Category", "content_type": 20, "codename": "add_blogcategory"}}, {"model": "auth.permission", "pk": 79, "fields": {"name": "Can change Blog Category", "content_type": 20, "codename": "change_blogcategory"}}, {"model": "auth.permission", "pk": 80, "fields": {"name": "Can delete Blog Category", "content_type": 20, "codename": "delete_blogcategory"}}, {"model": "auth.permission", "pk": 81, "fields": {"name": "Can view Blog Category", "content_type": 20, "codename": "view_blogcategory"}}, {"model": "auth.permission", "pk": 82, "fields": {"name": "Can add  Blog", "content_type": 21, "codename": "add_blogs"}}, {"model": "auth.permission", "pk": 83, "fields": {"name": "Can change  Blog", "content_type": 21, "codename": "change_blogs"}}, {"model": "auth.permission", "pk": 84, "fields": {"name": "Can delete  Blog", "content_type": 21, "codename": "delete_blogs"}}, {"model": "auth.permission", "pk": 85, "fields": {"name": "Can view  Blog", "content_type": 21, "codename": "view_blogs"}}, {"model": "auth.permission", "pk": 86, "fields": {"name": "Can add Email", "content_type": 22, "codename": "add_subscription"}}, {"model": "auth.permission", "pk": 87, "fields": {"name": "Can change Email", "content_type": 22, "codename": "change_subscription"}}, {"model": "auth.permission", "pk": 88, "fields": {"name": "Can delete Email", "content_type": 22, "codename": "delete_subscription"}}, {"model": "auth.permission", "pk": 89, "fields": {"name": "Can view Email", "content_type": 22, "codename": "view_subscription"}}, {"model": "auth.permission", "pk": 90, "fields": {"name": "Can add Blog Topic", "content_type": 23, "codename": "add_blogtopic"}}, {"model": "auth.permission", "pk": 91, "fields": {"name": "Can change Blog Topic", "content_type": 23, "codename": "change_blogtopic"}}, {"model": "auth.permission", "pk": 92, "fields": {"name": "Can delete Blog Topic", "content_type": 23, "codename": "delete_blogtopic"}}, {"model": "auth.permission", "pk": 93, "fields": {"name": "Can view Blog Topic", "content_type": 23, "codename": "view_blogtopic"}}, {"model": "auth.user", "pk": 1, "fields": {"password": "argon2$argon2i$v=19$m=512,t=2,p=2$a3hYRzJwY2pORUhL$HCEczGFcl/afdffk9BFZPA", "last_login": "2020-11-11T20:20:04.173", "is_superuser": true, "username": "superadmin", "first_name": "", "last_name": "", "email": "", "is_staff": true, "is_active": true, "date_joined": "2020-11-08T21:37:47.246", "groups": [], "user_permissions": []}}, {"model": "filer.folder", "pk": 1, "fields": {"level": 0, "lft": 1, "rght": 2, "parent": null, "name": "Home Banner", "owner": 1, "uploaded_at": "2020-11-08T21:44:14.176", "created_at": "2020-11-08T21:44:14.176", "modified_at": "2020-11-08T21:44:14.176", "tree_id": 1}}, {"model": "filer.folder", "pk": 3, "fields": {"level": 0, "lft": 1, "rght": 2, "parent": null, "name": "Expertise Logo", "owner": 1, "uploaded_at": "2020-11-08T21:55:25.852", "created_at": "2020-11-08T21:55:25.852", "modified_at": "2020-11-08T21:55:25.852", "tree_id": 2}}, {"model": "filer.folder", "pk": 4, "fields": {"level": 0, "lft": 1, "rght": 2, "parent": null, "name": "Blog Images", "owner": 1, "uploaded_at": "2020-11-10T11:04:21.605", "created_at": "2020-11-10T11:04:21.605", "modified_at": "2020-11-10T11:04:21.605", "tree_id": 3}}, {"model": "filer.file", "pk": 1, "fields": {"polymorphic_ctype": 13, "folder": 1, "file": "filer_public/98/28/9828f06e-bf8a-4236-b825-9a8104121094/1.png", "_file_size": 77693, "sha1": "6ca88b7c850919391c492f7cde99dfc4d921bdf5", "has_all_mandatory_data": false, "original_filename": "1.png", "name": "", "description": null, "owner": 1, "uploaded_at": "2020-11-08T21:45:06.017", "modified_at": "2020-11-08T21:45:06.017", "is_public": true, "mime_type": "image/png"}}, {"model": "filer.file", "pk": 2, "fields": {"polymorphic_ctype": 13, "folder": 3, "file": "filer_public/18/4c/184c4583-9775-460d-8d00-e50fdc007cc2/inact_cc.png", "_file_size": 895, "sha1": "d5f3b7a41ae9fc6deabf5013007e39f825c7b093", "has_all_mandatory_data": false, "original_filename": "inact_cc.png", "name": "", "description": null, "owner": 1, "uploaded_at": "2020-11-08T21:55:53.107", "modified_at": "2020-11-08T21:55:53.107", "is_public": true, "mime_type": "image/png"}}, {"model": "filer.file", "pk": 3, "fields": {"polymorphic_ctype": 13, "folder": 3, "file": "filer_public/09/b3/09b36b3a-3e36-49d0-877d-b693afe3e1fd/inact_ai.png", "_file_size": 1315, "sha1": "842d9fbef8ecd0e62d5434234fd3d2337c1327a5", "has_all_mandatory_data": false, "original_filename": "inact_ai.png", "name": "", "description": null, "owner": 1, "uploaded_at": "2020-11-08T21:55:53.108", "modified_at": "2020-11-08T21:55:53.108", "is_public": true, "mime_type": "image/png"}}, {"model": "filer.file", "pk": 4, "fields": {"polymorphic_ctype": 13, "folder": 3, "file": "filer_public/b9/8a/b98ac816-c630-4917-b776-23dd12594494/inact_gen.png", "_file_size": 1139, "sha1": "155f0471e9876027f001d88e739704a000fc58b2", "has_all_mandatory_data": false, "original_filename": "inact_gen.png", "name": "", "description": null, "owner": 1, "uploaded_at": "2020-11-08T21:55:53.113", "modified_at": "2020-11-08T21:55:53.114", "is_public": true, "mime_type": "image/png"}}, {"model": "filer.file", "pk": 5, "fields": {"polymorphic_ctype": 13, "folder": 3, "file": "filer_public/78/9d/789d2a34-cee9-468b-babe-f78844b8d943/inact_ml.png", "_file_size": 1486, "sha1": "f46ea5668c118e8c0b8f753479c3ff02f794437d", "has_all_mandatory_data": false, "original_filename": "inact_ml.png", "name": "", "description": null, "owner": 1, "uploaded_at": "2020-11-08T21:55:53.573", "modified_at": "2020-11-08T21:55:53.573", "is_public": true, "mime_type": "image/png"}}, {"model": "filer.file", "pk": 6, "fields": {"polymorphic_ctype": 13, "folder": 3, "file": "filer_public/5b/ff/5bffde4d-0c8f-45f8-a656-c642d1e9e01e/inact_qc.png", "_file_size": 1188, "sha1": "4ba1cf7a428a8207d790f461a90abd1e1033db60", "has_all_mandatory_data": false, "original_filename": "inact_qc.png", "name": "", "description": null, "owner": 1, "uploaded_at": "2020-11-08T21:55:53.575", "modified_at": "2020-11-08T21:55:53.575", "is_public": true, "mime_type": "image/png"}}, {"model": "filer.file", "pk": 7, "fields": {"polymorphic_ctype": 13, "folder": 4, "file": "filer_public/20/63/206399f4-b51d-4b9b-a008-18c15a2b6443/blog2.png", "_file_size": 159520, "sha1": "0886ec0afbdea3fb661e9c3c2a2506ebcdb864de", "has_all_mandatory_data": false, "original_filename": "blog2.png", "name": "", "description": null, "owner": 1, "uploaded_at": "2020-11-10T11:06:56.770", "modified_at": "2020-11-10T11:06:56.770", "is_public": true, "mime_type": "image/png"}}, {"model": "filer.file", "pk": 8, "fields": {"polymorphic_ctype": 13, "folder": 4, "file": "filer_public/bd/0b/bd0b5270-14e4-446f-8df5-af6c277c60c0/blog3.png", "_file_size": 203403, "sha1": "e53f5a70a65161bfcdd185f81516970a8018249c", "has_all_mandatory_data": false, "original_filename": "blog3.png", "name": "", "description": null, "owner": 1, "uploaded_at": "2020-11-10T11:06:56.770", "modified_at": "2020-11-10T11:06:56.770", "is_public": true, "mime_type": "image/png"}}, {"model": "filer.file", "pk": 9, "fields": {"polymorphic_ctype": 13, "folder": 4, "file": "filer_public/50/81/50818c27-2904-4a33-a23c-d23709762664/blog1.png", "_file_size": 187806, "sha1": "a4befafcb4b4a35597d65144baadd6b5e4183770", "has_all_mandatory_data": false, "original_filename": "blog1.png", "name": "", "description": null, "owner": 1, "uploaded_at": "2020-11-10T11:06:56.771", "modified_at": "2020-11-10T11:06:56.771", "is_public": true, "mime_type": "image/png"}}, {"model": "filer.clipboard", "pk": 1, "fields": {"user": 1}}, {"model": "filer.image", "pk": 1, "fields": {"_height": 307, "_width": 307, "default_alt_text": null, "default_caption": null, "subject_location": "", "date_taken": "2020-11-08T21:45:05.994", "author": null, "must_always_publish_author_credit": false, "must_always_publish_copyright": false}}, {"model": "filer.image", "pk": 2, "fields": {"_height": 36, "_width": 36, "default_alt_text": null, "default_caption": null, "subject_location": "", "date_taken": "2020-11-08T21:55:53.099", "author": null, "must_always_publish_author_credit": false, "must_always_publish_copyright": false}}, {"model": "filer.image", "pk": 3, "fields": {"_height": 31, "_width": 36, "default_alt_text": null, "default_caption": null, "subject_location": "", "date_taken": "2020-11-08T21:55:53.098", "author": null, "must_always_publish_author_credit": false, "must_always_publish_copyright": false}}, {"model": "filer.image", "pk": 4, "fields": {"_height": 28, "_width": 38, "default_alt_text": null, "default_caption": null, "subject_location": "", "date_taken": "2020-11-08T21:55:53.106", "author": null, "must_always_publish_author_credit": false, "must_always_publish_copyright": false}}, {"model": "filer.image", "pk": 5, "fields": {"_height": 32, "_width": 29, "default_alt_text": null, "default_caption": null, "subject_location": "", "date_taken": "2020-11-08T21:55:53.566", "author": null, "must_always_publish_author_credit": false, "must_always_publish_copyright": false}}, {"model": "filer.image", "pk": 6, "fields": {"_height": 32, "_width": 32, "default_alt_text": null, "default_caption": null, "subject_location": "", "date_taken": "2020-11-08T21:55:53.570", "author": null, "must_always_publish_author_credit": false, "must_always_publish_copyright": false}}, {"model": "filer.image", "pk": 7, "fields": {"_height": 264, "_width": 434, "default_alt_text": null, "default_caption": null, "subject_location": "", "date_taken": "2020-11-10T11:06:56.371", "author": null, "must_always_publish_author_credit": false, "must_always_publish_copyright": false}}, {"model": "filer.image", "pk": 8, "fields": {"_height": 263, "_width": 442, "default_alt_text": null, "default_caption": null, "subject_location": "", "date_taken": "2020-11-10T11:06:56.370", "author": null, "must_always_publish_author_credit": false, "must_always_publish_copyright": false}}, {"model": "filer.image", "pk": 9, "fields": {"_height": 259, "_width": 439, "default_alt_text": null, "default_caption": null, "subject_location": "", "date_taken": "2020-11-10T11:06:56.371", "author": null, "must_always_publish_author_credit": false, "must_always_publish_copyright": false}}, {"model": "admin.logentry", "pk": 1, "fields": {"action_time": "2020-11-08T21:45:53.113", "user": 1, "content_type": 18, "object_id": "1", "object_repr": "Leader", "action_flag": 1, "change_message": "[{\"added\": {}}]"}}, {"model": "admin.logentry", "pk": 2, "fields": {"action_time": "2020-11-08T21:46:12.860", "user": 1, "content_type": 18, "object_id": "2", "object_repr": "A Keen Science Enthusiast", "action_flag": 1, "change_message": "[{\"added\": {}}]"}}, {"model": "admin.logentry", "pk": 3, "fields": {"action_time": "2020-11-08T21:46:31.865", "user": 1, "content_type": 18, "object_id": "3", "object_repr": "Responsible Citizen", "action_flag": 1, "change_message": "[{\"added\": {}}]"}}, {"model": "admin.logentry", "pk": 4, "fields": {"action_time": "2020-11-08T21:55:14.766", "user": 1, "content_type": 11, "object_id": "2", "object_repr": "logos", "action_flag": 3, "change_message": ""}}, {"model": "admin.logentry", "pk": 5, "fields": {"action_time": "2020-11-08T21:57:00.133", "user": 1, "content_type": 19, "object_id": "2", "object_repr": "Quantum Computing", "action_flag": 1, "change_message": "[{\"added\": {}}]"}}, {"model": "admin.logentry", "pk": 6, "fields": {"action_time": "2020-11-08T21:57:26.157", "user": 1, "content_type": 19, "object_id": "3", "object_repr": "Artificial intelligence", "action_flag": 1, "change_message": "[{\"added\": {}}]"}}, {"model": "admin.logentry", "pk": 7, "fields": {"action_time": "2020-11-08T21:57:43.450", "user": 1, "content_type": 19, "object_id": "4", "object_repr": "Machine learning", "action_flag": 1, "change_message": "[{\"added\": {}}]"}}, {"model": "admin.logentry", "pk": 8, "fields": {"action_time": "2020-11-08T21:58:16.236", "user": 1, "content_type": 19, "object_id": "5", "object_repr": "Genetics", "action_flag": 1, "change_message": "[{\"added\": {}}]"}}, {"model": "admin.logentry", "pk": 9, "fields": {"action_time": "2020-11-08T21:58:53.823", "user": 1, "content_type": 19, "object_id": "6", "object_repr": "Cloud computing", "action_flag": 1, "change_message": "[{\"added\": {}}]"}}, {"model": "admin.logentry", "pk": 10, "fields": {"action_time": "2020-11-10T10:54:49.428", "user": 1, "content_type": 20, "object_id": "1", "object_repr": "Category1", "action_flag": 1, "change_message": "[{\"added\": {}}]"}}, {"model": "admin.logentry", "pk": 11, "fields": {"action_time": "2020-11-10T10:54:55.573", "user": 1, "content_type": 20, "object_id": "2", "object_repr": "Category2", "action_flag": 1, "change_message": "[{\"added\": {}}]"}}, {"model": "admin.logentry", "pk": 12, "fields": {"action_time": "2020-11-10T10:55:06.786", "user": 1, "content_type": 20, "object_id": "3", "object_repr": "Category3", "action_flag": 1, "change_message": "[{\"added\": {}}]"}}, {"model": "admin.logentry", "pk": 13, "fields": {"action_time": "2020-11-10T10:55:12.607", "user": 1, "content_type": 20, "object_id": "4", "object_repr": "Category4", "action_flag": 1, "change_message": "[{\"added\": {}}]"}}, {"model": "admin.logentry", "pk": 14, "fields": {"action_time": "2020-11-10T10:55:17.010", "user": 1, "content_type": 20, "object_id": "5", "object_repr": "Category5", "action_flag": 1, "change_message": "[{\"added\": {}}]"}}, {"model": "admin.logentry", "pk": 15, "fields": {"action_time": "2020-11-10T10:56:48.569", "user": 1, "content_type": 23, "object_id": "2", "object_repr": "Blog1", "action_flag": 1, "change_message": "[{\"added\": {}}]"}}, {"model": "admin.logentry", "pk": 16, "fields": {"action_time": "2020-11-10T10:56:57.755", "user": 1, "content_type": 23, "object_id": "2", "object_repr": "Topic1", "action_flag": 2, "change_message": "[{\"changed\": {\"fields\": [\"topic\", \"_ref_node_id\"]}}]"}}, {"model": "admin.logentry", "pk": 17, "fields": {"action_time": "2020-11-10T10:57:04.500", "user": 1, "content_type": 23, "object_id": "3", "object_repr": "Topic2", "action_flag": 1, "change_message": "[{\"added\": {}}]"}}, {"model": "admin.logentry", "pk": 18, "fields": {"action_time": "2020-11-10T10:57:10.345", "user": 1, "content_type": 23, "object_id": "4", "object_repr": "Topic3", "action_flag": 1, "change_message": "[{\"added\": {}}]"}}, {"model": "admin.logentry", "pk": 19, "fields": {"action_time": "2020-11-10T10:57:17.384", "user": 1, "content_type": 23, "object_id": "5", "object_repr": "Topic4", "action_flag": 1, "change_message": "[{\"added\": {}}]"}}, {"model": "admin.logentry", "pk": 20, "fields": {"action_time": "2020-11-10T10:57:24.918", "user": 1, "content_type": 23, "object_id": "6", "object_repr": "Topic5", "action_flag": 1, "change_message": "[{\"added\": {}}]"}}, {"model": "admin.logentry", "pk": 21, "fields": {"action_time": "2020-11-10T10:57:31.808", "user": 1, "content_type": 23, "object_id": "7", "object_repr": "Topic6", "action_flag": 1, "change_message": "[{\"added\": {}}]"}}, {"model": "admin.logentry", "pk": 22, "fields": {"action_time": "2020-11-10T10:57:37.141", "user": 1, "content_type": 23, "object_id": "8", "object_repr": "Topic7", "action_flag": 1, "change_message": "[{\"added\": {}}]"}}, {"model": "admin.logentry", "pk": 23, "fields": {"action_time": "2020-11-10T10:57:41.734", "user": 1, "content_type": 23, "object_id": "9", "object_repr": "Topic4", "action_flag": 1, "change_message": "[{\"added\": {}}]"}}, {"model": "admin.logentry", "pk": 24, "fields": {"action_time": "2020-11-10T10:57:51.039", "user": 1, "content_type": 23, "object_id": "9", "object_repr": "Topic8", "action_flag": 2, "change_message": "[{\"changed\": {\"fields\": [\"topic\"]}}]"}}, {"model": "admin.logentry", "pk": 25, "fields": {"action_time": "2020-11-10T10:57:58.175", "user": 1, "content_type": 23, "object_id": "10", "object_repr": "Topic9", "action_flag": 1, "change_message": "[{\"added\": {}}]"}}, {"model": "admin.logentry", "pk": 26, "fields": {"action_time": "2020-11-10T10:58:05.068", "user": 1, "content_type": 23, "object_id": "11", "object_repr": "Topic10", "action_flag": 1, "change_message": "[{\"added\": {}}]"}}, {"model": "admin.logentry", "pk": 27, "fields": {"action_time": "2020-11-10T11:07:51.298", "user": 1, "content_type": 21, "object_id": "1", "object_repr": "Lorem ipsum dolor sit amet, consectetur adipiscing elit Phasellu", "action_flag": 1, "change_message": "[{\"added\": {}}]"}}, {"model": "admin.logentry", "pk": 28, "fields": {"action_time": "2020-11-10T11:13:13.731", "user": 1, "content_type": 21, "object_id": "3", "object_repr": "Lorem ipsum dolor sit amet, consectetur adipiscing elit Phasellu2", "action_flag": 1, "change_message": "[{\"added\": {}}]"}}, {"model": "admin.logentry", "pk": 29, "fields": {"action_time": "2020-11-10T11:13:36.273", "user": 1, "content_type": 21, "object_id": "4", "object_repr": "Lorem ipsum dolor sit amet, consectetur adipiscing elit Phasellu3", "action_flag": 1, "change_message": "[{\"added\": {}}]"}}, {"model": "admin.logentry", "pk": 30, "fields": {"action_time": "2020-11-10T11:14:00.928", "user": 1, "content_type": 21, "object_id": "5", "object_repr": "Lorem ipsum dolor sit amet, consectetur adipiscing elit Phasellu4", "action_flag": 1, "change_message": "[{\"added\": {}}]"}}, {"model": "admin.logentry", "pk": 31, "fields": {"action_time": "2020-11-10T11:14:51.989", "user": 1, "content_type": 21, "object_id": "6", "object_repr": "Lorem ipsum dolor sit amet, consectetur adipiscing elit Phasellu5", "action_flag": 1, "change_message": "[{\"added\": {}}]"}}]