[{"model": "easy_thumbnails.source", "pk": 1, "fields": {"storage_hash": "f9bde26a1556cd667f742bd34ec7c55e", "name": "filer_public/98/28/9828f06e-bf8a-4236-b825-9a8104121094/1.png", "modified": "2020-11-08T21:45:06.202"}}, {"model": "easy_thumbnails.source", "pk": 2, "fields": {"storage_hash": "f9bde26a1556cd667f742bd34ec7c55e", "name": "filer_public/18/4c/184c4583-9775-460d-8d00-e50fdc007cc2/inact_cc.png", "modified": "2020-11-08T21:55:53.135"}}, {"model": "easy_thumbnails.source", "pk": 3, "fields": {"storage_hash": "f9bde26a1556cd667f742bd34ec7c55e", "name": "filer_public/09/b3/09b36b3a-3e36-49d0-877d-b693afe3e1fd/inact_ai.png", "modified": "2020-11-08T21:55:53.193"}}, {"model": "easy_thumbnails.source", "pk": 4, "fields": {"storage_hash": "f9bde26a1556cd667f742bd34ec7c55e", "name": "filer_public/b9/8a/b98ac816-c630-4917-b776-23dd12594494/inact_gen.png", "modified": "2020-11-08T21:55:53.271"}}, {"model": "easy_thumbnails.source", "pk": 5, "fields": {"storage_hash": "f9bde26a1556cd667f742bd34ec7c55e", "name": "filer_public/78/9d/789d2a34-cee9-468b-babe-f78844b8d943/inact_ml.png", "modified": "2020-11-08T21:55:53.623"}}, {"model": "easy_thumbnails.source", "pk": 6, "fields": {"storage_hash": "f9bde26a1556cd667f742bd34ec7c55e", "name": "filer_public/5b/ff/5bffde4d-0c8f-45f8-a656-c642d1e9e01e/inact_qc.png", "modified": "2020-11-08T21:55:53.630"}}, {"model": "easy_thumbnails.source", "pk": 7, "fields": {"storage_hash": "f9bde26a1556cd667f742bd34ec7c55e", "name": "filer_public/50/81/50818c27-2904-4a33-a23c-d23709762664/blog1.png", "modified": "2020-11-10T11:06:57.039"}}, {"model": "easy_thumbnails.source", "pk": 8, "fields": {"storage_hash": "f9bde26a1556cd667f742bd34ec7c55e", "name": "filer_public/20/63/206399f4-b51d-4b9b-a008-18c15a2b6443/blog2.png", "modified": "2020-11-10T11:06:57.041"}}, {"model": "easy_thumbnails.source", "pk": 9, "fields": {"storage_hash": "f9bde26a1556cd667f742bd34ec7c55e", "name": "filer_public/bd/0b/bd0b5270-14e4-446f-8df5-af6c277c60c0/blog3.png", "modified": "2020-11-10T11:06:57.081"}}, {"model": "easy_thumbnails.source", "pk": 10, "fields": {"storage_hash": "f9bde26a1556cd667f742bd34ec7c55e", "name": "filer_public/c4/86/c48689ee-be24-4f52-978d-b1555e83601d/0.jpeg", "modified": "2020-11-30T22:31:40.773"}}, {"model": "easy_thumbnails.source", "pk": 11, "fields": {"storage_hash": "f9bde26a1556cd667f742bd34ec7c55e", "name": "filer_public/d2/32/d232b492-5770-4a26-9e45-6d830a3a82b2/0.jpeg", "modified": "2020-11-30T22:31:48.105"}}, {"model": "easy_thumbnails.source", "pk": 12, "fields": {"storage_hash": "f9bde26a1556cd667f742bd34ec7c55e", "name": "filer_public/38/fb/38fb90e3-6ce7-44ca-b8a7-78900548ea2f/kindergarten.png", "modified": "2020-12-02T17:15:35.868"}}, {"model": "easy_thumbnails.source", "pk": 13, "fields": {"storage_hash": "f9bde26a1556cd667f742bd34ec7c55e", "name": "filer_public/1f/6f/1f6fe1ed-b20f-4303-a063-c083b5b9bd76/51plfeyrh0l_sx258_bo1204203200_.jpg", "modified": "2020-12-07T12:13:54.526"}}, {"model": "easy_thumbnails.source", "pk": 14, "fields": {"storage_hash": "f9bde26a1556cd667f742bd34ec7c55e", "name": "filer_public/5c/9f/5c9f17df-3622-4744-a68c-c67fa1252baf/41x8oytblzl_sx324_bo1204203200_.jpg", "modified": "2020-12-07T12:16:22.159"}}, {"model": "easy_thumbnails.source", "pk": 15, "fields": {"storage_hash": "f9bde26a1556cd667f742bd34ec7c55e", "name": "filer_public/21/ff/21ff75ba-357e-4994-811e-230dd1b4cc33/51pgrglsm4l_sx327_bo1204203200_.jpg", "modified": "2020-12-07T12:25:14.073"}}, {"model": "easy_thumbnails.source", "pk": 16, "fields": {"storage_hash": "f9bde26a1556cd667f742bd34ec7c55e", "name": "filer_public/a4/6e/a46e64e6-2a77-48e4-abd6-86620f9ccb15/51gysc8exl_sx333_bo1204203200_.jpg", "modified": "2020-12-07T12:26:19.853"}}, {"model": "easy_thumbnails.source", "pk": 17, "fields": {"storage_hash": "f9bde26a1556cd667f742bd34ec7c55e", "name": "filer_public/b9/b6/b9b609d8-7372-48fd-a068-a6e74f671b65/51ipgnxv3kl_sx328_bo1204203200_.jpg", "modified": "2020-12-07T12:27:17.876"}}, {"model": "easy_thumbnails.source", "pk": 18, "fields": {"storage_hash": "f9bde26a1556cd667f742bd34ec7c55e", "name": "filer_public/b5/2f/b52fe2e7-54c0-46cb-8413-c78dd589ae55/517vrpia5dl_sx329_bo1204203200_.jpg", "modified": "2020-12-07T12:28:28.944"}}, {"model": "easy_thumbnails.source", "pk": 19, "fields": {"storage_hash": "f9bde26a1556cd667f742bd34ec7c55e", "name": "filer_public/e2/6a/e26aedba-932d-4c3d-9872-d371b6221536/mqdefault_6s-0.png", "modified": "2020-12-07T12:33:27.595"}}, {"model": "easy_thumbnails.source", "pk": 20, "fields": {"storage_hash": "f9bde26a1556cd667f742bd34ec7c55e", "name": "filer_public/61/a3/61a31057-852c-4508-8b5d-13eb39a5c349/mqdefault_6s_1-23.png", "modified": "2020-12-07T12:34:46.418"}}, {"model": "easy_thumbnails.source", "pk": 21, "fields": {"storage_hash": "f9bde26a1556cd667f742bd34ec7c55e", "name": "filer_public/18/dd/18ddae49-c9fb-44b0-b471-90c0ebd6002f/mqdefault_6s_2-0.png", "modified": "2020-12-07T12:38:11.082"}}, {"model": "easy_thumbnails.source", "pk": 22, "fields": {"storage_hash": "f9bde26a1556cd667f742bd34ec7c55e", "name": "filer_public/ef/3a/ef3abb14-ab23-40d6-92d7-9e485ce9f107/f83ca54a505a7a77561611e59e11aa49.png", "modified": "2020-12-09T21:20:21.877"}}, {"model": "easy_thumbnails.source", "pk": 23, "fields": {"storage_hash": "f9bde26a1556cd667f742bd34ec7c55e", "name": "filer_public/8c/5d/8c5df23d-d23b-48df-bb40-3b996799b7b8/download_1.png", "modified": "2020-12-09T21:21:14.467"}}, {"model": "easy_thumbnails.source", "pk": 24, "fields": {"storage_hash": "f9bde26a1556cd667f742bd34ec7c55e", "name": "filer_public/f6/5b/f65bd20a-7f2c-4360-b569-9e3d4dd203c1/download.png", "modified": "2020-12-09T21:21:37.884"}}, {"model": "easy_thumbnails.source", "pk": 25, "fields": {"storage_hash": "f9bde26a1556cd667f742bd34ec7c55e", "name": "filer_public/7e/59/7e59ef7b-06e2-42ec-ad0e-6f900403a241/carl-sagan-1024x576.png", "modified": "2020-12-09T21:21:50.039"}}, {"model": "easy_thumbnails.source", "pk": 26, "fields": {"storage_hash": "f9bde26a1556cd667f742bd34ec7c55e", "name": "filer_public/f7/d6/f7d6e1e0-468e-45b3-b595-168e8373fc60/carlsagan1.png", "modified": "2020-12-09T21:22:13.864"}}, {"model": "easy_thumbnails.source", "pk": 27, "fields": {"storage_hash": "f9bde26a1556cd667f742bd34ec7c55e", "name": "filer_public/02/e9/02e98f13-aad6-4904-a0b2-103742ac0e36/albert-einstein-quotes-2.png", "modified": "2020-12-09T21:22:28.595"}}, {"model": "easy_thumbnails.source", "pk": 28, "fields": {"storage_hash": "f9bde26a1556cd667f742bd34ec7c55e", "name": "filer_public/3b/88/3b88f925-204b-42b9-9cbf-10bf71afb1d2/8946918_full-richard-feynman-quotes-richard-feynman-quotes-1001-inspirational-quotes.png", "modified": "2020-12-09T21:22:50.354"}}, {"model": "easy_thumbnails.source", "pk": 29, "fields": {"storage_hash": "f9bde26a1556cd667f742bd34ec7c55e", "name": "filer_public/08/6f/086f82df-8237-40d4-974d-40915739d845/quote-the-actual-state-of-our-knowledge-is-always-provisional-and-there-must-be-beyond-what-louis-de-broglie-71-21-08.png", "modified": "2020-12-09T21:23:06.088"}}, {"model": "easy_thumbnails.source", "pk": 30, "fields": {"storage_hash": "f9bde26a1556cd667f742bd34ec7c55e", "name": "filer_public/8c/63/8c632cc6-e74c-4e8b-8114-d8ffa46d0309/quote-i-would-rather-have-questions-that-can-t-be-answered-than-answers-that-can-t-be-questioned-richard-p-feynman-82-43-34.png", "modified": "2020-12-09T21:23:21.657"}}, {"model": "easy_thumbnails.source", "pk": 31, "fields": {"storage_hash": "f9bde26a1556cd667f742bd34ec7c55e", "name": "filer_public/56/33/56330536-0b13-4e22-995d-560119b0be5f/415-qh52npl_sx325_bo1204203200_.jpg", "modified": "2020-12-13T13:31:28.744"}}, {"model": "easy_thumbnails.source", "pk": 32, "fields": {"storage_hash": "f9bde26a1556cd667f742bd34ec7c55e", "name": "filer_public/18/e7/18e73a6b-b319-4ad7-a376-18c629452cf7/stephen-hawking.jpg", "modified": "2020-12-13T13:34:24.476"}}, {"model": "easy_thumbnails.thumbnail", "pk": 1, "fields": {"storage_hash": "f9bde26a1556cd667f742bd34ec7c55e", "name": "filer_public_thumbnails/filer_public/98/28/9828f06e-bf8a-4236-b825-9a8104121094/1.png__16x16_q85_crop_subsampling-2_upscale.png", "modified": "2020-11-08T21:45:06.240", "source": 1}}, {"model": "easy_thumbnails.thumbnail", "pk": 2, "fields": {"storage_hash": "f9bde26a1556cd667f742bd34ec7c55e", "name": "filer_public_thumbnails/filer_public/98/28/9828f06e-bf8a-4236-b825-9a8104121094/1.png__32x32_q85_crop_subsampling-2_upscale.png", "modified": "2020-11-08T21:45:06.286", "source": 1}}, {"model": "easy_thumbnails.thumbnail", "pk": 3, "fields": {"storage_hash": "f9bde26a1556cd667f742bd34ec7c55e", "name": "filer_public_thumbnails/filer_public/98/28/9828f06e-bf8a-4236-b825-9a8104121094/1.png__48x48_q85_crop_subsampling-2_upscale.png", "modified": "2020-11-08T21:45:06.332", "source": 1}}, {"model": "easy_thumbnails.thumbnail", "pk": 4, "fields": {"storage_hash": "f9bde26a1556cd667f742bd34ec7c55e", "name": "filer_public_thumbnails/filer_public/98/28/9828f06e-bf8a-4236-b825-9a8104121094/1.png__64x64_q85_crop_subsampling-2_upscale.png", "modified": "2020-11-08T21:45:06.384", "source": 1}}, {"model": "easy_thumbnails.thumbnail", "pk": 5, "fields": {"storage_hash": "f9bde26a1556cd667f742bd34ec7c55e", "name": "filer_public_thumbnails/filer_public/98/28/9828f06e-bf8a-4236-b825-9a8104121094/1.png__180x180_q85_crop_subsampling-2_upscale.png", "modified": "2020-11-08T21:45:06.460", "source": 1}}, {"model": "easy_thumbnails.thumbnail", "pk": 6, "fields": {"storage_hash": "f9bde26a1556cd667f742bd34ec7c55e", "name": "filer_public_thumbnails/filer_public/18/4c/184c4583-9775-460d-8d00-e50fdc007cc2/inact_cc.png__16x16_q85_crop_subsampling-2_upscale.png", "modified": "2020-11-08T21:55:53.150", "source": 2}}, {"model": "easy_thumbnails.thumbnail", "pk": 7, "fields": {"storage_hash": "f9bde26a1556cd667f742bd34ec7c55e", "name": "filer_public_thumbnails/filer_public/09/b3/09b36b3a-3e36-49d0-877d-b693afe3e1fd/inact_ai.png__16x16_q85_crop_subsampling-2_upscale.png", "modified": "2020-11-08T21:55:53.249", "source": 3}}, {"model": "easy_thumbnails.thumbnail", "pk": 8, "fields": {"storage_hash": "f9bde26a1556cd667f742bd34ec7c55e", "name": "filer_public_thumbnails/filer_public/18/4c/184c4583-9775-460d-8d00-e50fdc007cc2/inact_cc.png__32x32_q85_crop_subsampling-2_upscale.png", "modified": "2020-11-08T21:55:53.306", "source": 2}}, {"model": "easy_thumbnails.thumbnail", "pk": 9, "fields": {"storage_hash": "f9bde26a1556cd667f742bd34ec7c55e", "name": "filer_public_thumbnails/filer_public/b9/8a/b98ac816-c630-4917-b776-23dd12594494/inact_gen.png__16x16_q85_crop_subsampling-2_upscale.png", "modified": "2020-11-08T21:55:53.346", "source": 4}}, {"model": "easy_thumbnails.thumbnail", "pk": 10, "fields": {"storage_hash": "f9bde26a1556cd667f742bd34ec7c55e", "name": "filer_public_thumbnails/filer_public/09/b3/09b36b3a-3e36-49d0-877d-b693afe3e1fd/inact_ai.png__32x32_q85_crop_subsampling-2_upscale.png", "modified": "2020-11-08T21:55:53.364", "source": 3}}, {"model": "easy_thumbnails.thumbnail", "pk": 11, "fields": {"storage_hash": "f9bde26a1556cd667f742bd34ec7c55e", "name": "filer_public_thumbnails/filer_public/18/4c/184c4583-9775-460d-8d00-e50fdc007cc2/inact_cc.png__48x48_q85_crop_subsampling-2_upscale.png", "modified": "2020-11-08T21:55:53.380", "source": 2}}, {"model": "easy_thumbnails.thumbnail", "pk": 12, "fields": {"storage_hash": "f9bde26a1556cd667f742bd34ec7c55e", "name": "filer_public_thumbnails/filer_public/b9/8a/b98ac816-c630-4917-b776-23dd12594494/inact_gen.png__32x32_q85_crop_subsampling-2_upscale.png", "modified": "2020-11-08T21:55:53.398", "source": 4}}, {"model": "easy_thumbnails.thumbnail", "pk": 13, "fields": {"storage_hash": "f9bde26a1556cd667f742bd34ec7c55e", "name": "filer_public_thumbnails/filer_public/09/b3/09b36b3a-3e36-49d0-877d-b693afe3e1fd/inact_ai.png__48x48_q85_crop_subsampling-2_upscale.png", "modified": "2020-11-08T21:55:53.409", "source": 3}}, {"model": "easy_thumbnails.thumbnail", "pk": 14, "fields": {"storage_hash": "f9bde26a1556cd667f742bd34ec7c55e", "name": "filer_public_thumbnails/filer_public/18/4c/184c4583-9775-460d-8d00-e50fdc007cc2/inact_cc.png__64x64_q85_crop_subsampling-2_upscale.png", "modified": "2020-11-08T21:55:53.427", "source": 2}}, {"model": "easy_thumbnails.thumbnail", "pk": 15, "fields": {"storage_hash": "f9bde26a1556cd667f742bd34ec7c55e", "name": "filer_public_thumbnails/filer_public/b9/8a/b98ac816-c630-4917-b776-23dd12594494/inact_gen.png__48x48_q85_crop_subsampling-2_upscale.png", "modified": "2020-11-08T21:55:53.433", "source": 4}}, {"model": "easy_thumbnails.thumbnail", "pk": 16, "fields": {"storage_hash": "f9bde26a1556cd667f742bd34ec7c55e", "name": "filer_public_thumbnails/filer_public/09/b3/09b36b3a-3e36-49d0-877d-b693afe3e1fd/inact_ai.png__64x64_q85_crop_subsampling-2_upscale.png", "modified": "2020-11-08T21:55:53.453", "source": 3}}, {"model": "easy_thumbnails.thumbnail", "pk": 17, "fields": {"storage_hash": "f9bde26a1556cd667f742bd34ec7c55e", "name": "filer_public_thumbnails/filer_public/b9/8a/b98ac816-c630-4917-b776-23dd12594494/inact_gen.png__64x64_q85_crop_subsampling-2_upscale.png", "modified": "2020-11-08T21:55:53.480", "source": 4}}, {"model": "easy_thumbnails.thumbnail", "pk": 18, "fields": {"storage_hash": "f9bde26a1556cd667f742bd34ec7c55e", "name": "filer_public_thumbnails/filer_public/18/4c/184c4583-9775-460d-8d00-e50fdc007cc2/inact_cc.png__180x180_q85_crop_subsampling-2_upscale.png", "modified": "2020-11-08T21:55:53.491", "source": 2}}, {"model": "easy_thumbnails.thumbnail", "pk": 19, "fields": {"storage_hash": "f9bde26a1556cd667f742bd34ec7c55e", "name": "filer_public_thumbnails/filer_public/09/b3/09b36b3a-3e36-49d0-877d-b693afe3e1fd/inact_ai.png__180x180_q85_crop_subsampling-2_upscale.png", "modified": "2020-11-08T21:55:53.524", "source": 3}}, {"model": "easy_thumbnails.thumbnail", "pk": 20, "fields": {"storage_hash": "f9bde26a1556cd667f742bd34ec7c55e", "name": "filer_public_thumbnails/filer_public/b9/8a/b98ac816-c630-4917-b776-23dd12594494/inact_gen.png__180x180_q85_crop_subsampling-2_upscale.png", "modified": "2020-11-08T21:55:53.540", "source": 4}}, {"model": "easy_thumbnails.thumbnail", "pk": 21, "fields": {"storage_hash": "f9bde26a1556cd667f742bd34ec7c55e", "name": "filer_public_thumbnails/filer_public/78/9d/789d2a34-cee9-468b-babe-f78844b8d943/inact_ml.png__16x16_q85_crop_subsampling-2_upscale.png", "modified": "2020-11-08T21:55:53.659", "source": 5}}, {"model": "easy_thumbnails.thumbnail", "pk": 22, "fields": {"storage_hash": "f9bde26a1556cd667f742bd34ec7c55e", "name": "filer_public_thumbnails/filer_public/5b/ff/5bffde4d-0c8f-45f8-a656-c642d1e9e01e/inact_qc.png__16x16_q85_crop_subsampling-2_upscale.png", "modified": "2020-11-08T21:55:53.670", "source": 6}}, {"model": "easy_thumbnails.thumbnail", "pk": 23, "fields": {"storage_hash": "f9bde26a1556cd667f742bd34ec7c55e", "name": "filer_public_thumbnails/filer_public/78/9d/789d2a34-cee9-468b-babe-f78844b8d943/inact_ml.png__32x32_q85_crop_subsampling-2_upscale.png", "modified": "2020-11-08T21:55:53.686", "source": 5}}, {"model": "easy_thumbnails.thumbnail", "pk": 24, "fields": {"storage_hash": "f9bde26a1556cd667f742bd34ec7c55e", "name": "filer_public_thumbnails/filer_public/5b/ff/5bffde4d-0c8f-45f8-a656-c642d1e9e01e/inact_qc.png__32x32_q85_crop_subsampling-2_upscale.png", "modified": "2020-11-08T21:55:53.697", "source": 6}}, {"model": "easy_thumbnails.thumbnail", "pk": 25, "fields": {"storage_hash": "f9bde26a1556cd667f742bd34ec7c55e", "name": "filer_public_thumbnails/filer_public/78/9d/789d2a34-cee9-468b-babe-f78844b8d943/inact_ml.png__48x48_q85_crop_subsampling-2_upscale.png", "modified": "2020-11-08T21:55:53.709", "source": 5}}, {"model": "easy_thumbnails.thumbnail", "pk": 26, "fields": {"storage_hash": "f9bde26a1556cd667f742bd34ec7c55e", "name": "filer_public_thumbnails/filer_public/5b/ff/5bffde4d-0c8f-45f8-a656-c642d1e9e01e/inact_qc.png__48x48_q85_crop_subsampling-2_upscale.png", "modified": "2020-11-08T21:55:53.721", "source": 6}}, {"model": "easy_thumbnails.thumbnail", "pk": 27, "fields": {"storage_hash": "f9bde26a1556cd667f742bd34ec7c55e", "name": "filer_public_thumbnails/filer_public/78/9d/789d2a34-cee9-468b-babe-f78844b8d943/inact_ml.png__64x64_q85_crop_subsampling-2_upscale.png", "modified": "2020-11-08T21:55:53.735", "source": 5}}, {"model": "easy_thumbnails.thumbnail", "pk": 28, "fields": {"storage_hash": "f9bde26a1556cd667f742bd34ec7c55e", "name": "filer_public_thumbnails/filer_public/5b/ff/5bffde4d-0c8f-45f8-a656-c642d1e9e01e/inact_qc.png__64x64_q85_crop_subsampling-2_upscale.png", "modified": "2020-11-08T21:55:53.752", "source": 6}}, {"model": "easy_thumbnails.thumbnail", "pk": 29, "fields": {"storage_hash": "f9bde26a1556cd667f742bd34ec7c55e", "name": "filer_public_thumbnails/filer_public/78/9d/789d2a34-cee9-468b-babe-f78844b8d943/inact_ml.png__180x180_q85_crop_subsampling-2_upscale.png", "modified": "2020-11-08T21:55:53.790", "source": 5}}, {"model": "easy_thumbnails.thumbnail", "pk": 30, "fields": {"storage_hash": "f9bde26a1556cd667f742bd34ec7c55e", "name": "filer_public_thumbnails/filer_public/5b/ff/5bffde4d-0c8f-45f8-a656-c642d1e9e01e/inact_qc.png__180x180_q85_crop_subsampling-2_upscale.png", "modified": "2020-11-08T21:55:53.799", "source": 6}}, {"model": "easy_thumbnails.thumbnail", "pk": 31, "fields": {"storage_hash": "f9bde26a1556cd667f742bd34ec7c55e", "name": "filer_public_thumbnails/filer_public/50/81/50818c27-2904-4a33-a23c-d23709762664/blog1.png__16x16_q85_crop_subsampling-2_upscale.jpg", "modified": "2020-11-10T11:06:57.077", "source": 7}}, {"model": "easy_thumbnails.thumbnail", "pk": 32, "fields": {"storage_hash": "f9bde26a1556cd667f742bd34ec7c55e", "name": "filer_public_thumbnails/filer_public/bd/0b/bd0b5270-14e4-446f-8df5-af6c277c60c0/blog3.png__16x16_q85_crop_subsampling-2_upscale.jpg", "modified": "2020-11-10T11:06:57.099", "source": 9}}, {"model": "easy_thumbnails.thumbnail", "pk": 33, "fields": {"storage_hash": "f9bde26a1556cd667f742bd34ec7c55e", "name": "filer_public_thumbnails/filer_public/20/63/206399f4-b51d-4b9b-a008-18c15a2b6443/blog2.png__16x16_q85_crop_subsampling-2_upscale.jpg", "modified": "2020-11-10T11:06:57.088", "source": 8}}, {"model": "easy_thumbnails.thumbnail", "pk": 34, "fields": {"storage_hash": "f9bde26a1556cd667f742bd34ec7c55e", "name": "filer_public_thumbnails/filer_public/20/63/206399f4-b51d-4b9b-a008-18c15a2b6443/blog2.png__32x32_q85_crop_subsampling-2_upscale.jpg", "modified": "2020-11-10T11:06:57.192", "source": 8}}, {"model": "easy_thumbnails.thumbnail", "pk": 35, "fields": {"storage_hash": "f9bde26a1556cd667f742bd34ec7c55e", "name": "filer_public_thumbnails/filer_public/50/81/50818c27-2904-4a33-a23c-d23709762664/blog1.png__32x32_q85_crop_subsampling-2_upscale.jpg", "modified": "2020-11-10T11:06:57.203", "source": 7}}, {"model": "easy_thumbnails.thumbnail", "pk": 36, "fields": {"storage_hash": "f9bde26a1556cd667f742bd34ec7c55e", "name": "filer_public_thumbnails/filer_public/bd/0b/bd0b5270-14e4-446f-8df5-af6c277c60c0/blog3.png__32x32_q85_crop_subsampling-2_upscale.jpg", "modified": "2020-11-10T11:06:57.205", "source": 9}}, {"model": "easy_thumbnails.thumbnail", "pk": 37, "fields": {"storage_hash": "f9bde26a1556cd667f742bd34ec7c55e", "name": "filer_public_thumbnails/filer_public/20/63/206399f4-b51d-4b9b-a008-18c15a2b6443/blog2.png__48x48_q85_crop_subsampling-2_upscale.jpg", "modified": "2020-11-10T11:06:57.217", "source": 8}}, {"model": "easy_thumbnails.thumbnail", "pk": 38, "fields": {"storage_hash": "f9bde26a1556cd667f742bd34ec7c55e", "name": "filer_public_thumbnails/filer_public/bd/0b/bd0b5270-14e4-446f-8df5-af6c277c60c0/blog3.png__48x48_q85_crop_subsampling-2_upscale.jpg", "modified": "2020-11-10T11:06:57.229", "source": 9}}, {"model": "easy_thumbnails.thumbnail", "pk": 39, "fields": {"storage_hash": "f9bde26a1556cd667f742bd34ec7c55e", "name": "filer_public_thumbnails/filer_public/50/81/50818c27-2904-4a33-a23c-d23709762664/blog1.png__48x48_q85_crop_subsampling-2_upscale.jpg", "modified": "2020-11-10T11:06:57.234", "source": 7}}, {"model": "easy_thumbnails.thumbnail", "pk": 40, "fields": {"storage_hash": "f9bde26a1556cd667f742bd34ec7c55e", "name": "filer_public_thumbnails/filer_public/20/63/206399f4-b51d-4b9b-a008-18c15a2b6443/blog2.png__64x64_q85_crop_subsampling-2_upscale.jpg", "modified": "2020-11-10T11:06:57.240", "source": 8}}, {"model": "easy_thumbnails.thumbnail", "pk": 41, "fields": {"storage_hash": "f9bde26a1556cd667f742bd34ec7c55e", "name": "filer_public_thumbnails/filer_public/bd/0b/bd0b5270-14e4-446f-8df5-af6c277c60c0/blog3.png__64x64_q85_crop_subsampling-2_upscale.jpg", "modified": "2020-11-10T11:06:57.251", "source": 9}}, {"model": "easy_thumbnails.thumbnail", "pk": 42, "fields": {"storage_hash": "f9bde26a1556cd667f742bd34ec7c55e", "name": "filer_public_thumbnails/filer_public/20/63/206399f4-b51d-4b9b-a008-18c15a2b6443/blog2.png__180x180_q85_crop_subsampling-2_upscale.jpg", "modified": "2020-11-10T11:06:57.268", "source": 8}}, {"model": "easy_thumbnails.thumbnail", "pk": 43, "fields": {"storage_hash": "f9bde26a1556cd667f742bd34ec7c55e", "name": "filer_public_thumbnails/filer_public/50/81/50818c27-2904-4a33-a23c-d23709762664/blog1.png__64x64_q85_crop_subsampling-2_upscale.jpg", "modified": "2020-11-10T11:06:57.269", "source": 7}}, {"model": "easy_thumbnails.thumbnail", "pk": 44, "fields": {"storage_hash": "f9bde26a1556cd667f742bd34ec7c55e", "name": "filer_public_thumbnails/filer_public/bd/0b/bd0b5270-14e4-446f-8df5-af6c277c60c0/blog3.png__180x180_q85_crop_subsampling-2_upscale.jpg", "modified": "2020-11-10T11:06:57.286", "source": 9}}, {"model": "easy_thumbnails.thumbnail", "pk": 45, "fields": {"storage_hash": "f9bde26a1556cd667f742bd34ec7c55e", "name": "filer_public_thumbnails/filer_public/50/81/50818c27-2904-4a33-a23c-d23709762664/blog1.png__180x180_q85_crop_subsampling-2_upscale.jpg", "modified": "2020-11-10T11:06:57.306", "source": 7}}, {"model": "easy_thumbnails.thumbnail", "pk": 46, "fields": {"storage_hash": "f9bde26a1556cd667f742bd34ec7c55e", "name": "filer_public_thumbnails/filer_public/c4/86/c48689ee-be24-4f52-978d-b1555e83601d/0.jpeg__16x16_q85_crop_subsampling-2_upscale.jpg", "modified": "2020-11-30T22:31:40.791", "source": 10}}, {"model": "easy_thumbnails.thumbnail", "pk": 47, "fields": {"storage_hash": "f9bde26a1556cd667f742bd34ec7c55e", "name": "filer_public_thumbnails/filer_public/c4/86/c48689ee-be24-4f52-978d-b1555e83601d/0.jpeg__32x32_q85_crop_subsampling-2_upscale.jpg", "modified": "2020-11-30T22:31:40.887", "source": 10}}, {"model": "easy_thumbnails.thumbnail", "pk": 48, "fields": {"storage_hash": "f9bde26a1556cd667f742bd34ec7c55e", "name": "filer_public_thumbnails/filer_public/c4/86/c48689ee-be24-4f52-978d-b1555e83601d/0.jpeg__48x48_q85_crop_subsampling-2_upscale.jpg", "modified": "2020-11-30T22:31:40.943", "source": 10}}, {"model": "easy_thumbnails.thumbnail", "pk": 49, "fields": {"storage_hash": "f9bde26a1556cd667f742bd34ec7c55e", "name": "filer_public_thumbnails/filer_public/c4/86/c48689ee-be24-4f52-978d-b1555e83601d/0.jpeg__64x64_q85_crop_subsampling-2_upscale.jpg", "modified": "2020-11-30T22:31:41.053", "source": 10}}, {"model": "easy_thumbnails.thumbnail", "pk": 50, "fields": {"storage_hash": "f9bde26a1556cd667f742bd34ec7c55e", "name": "filer_public_thumbnails/filer_public/c4/86/c48689ee-be24-4f52-978d-b1555e83601d/0.jpeg__180x180_q85_crop_subsampling-2_upscale.jpg", "modified": "2020-11-30T22:31:41.145", "source": 10}}, {"model": "easy_thumbnails.thumbnail", "pk": 51, "fields": {"storage_hash": "f9bde26a1556cd667f742bd34ec7c55e", "name": "filer_public_thumbnails/filer_public/d2/32/d232b492-5770-4a26-9e45-6d830a3a82b2/0.jpeg__16x16_q85_crop_subsampling-2_upscale.jpg", "modified": "2020-11-30T22:31:48.131", "source": 11}}, {"model": "easy_thumbnails.thumbnail", "pk": 52, "fields": {"storage_hash": "f9bde26a1556cd667f742bd34ec7c55e", "name": "filer_public_thumbnails/filer_public/d2/32/d232b492-5770-4a26-9e45-6d830a3a82b2/0.jpeg__32x32_q85_crop_subsampling-2_upscale.jpg", "modified": "2020-11-30T22:31:48.202", "source": 11}}, {"model": "easy_thumbnails.thumbnail", "pk": 53, "fields": {"storage_hash": "f9bde26a1556cd667f742bd34ec7c55e", "name": "filer_public_thumbnails/filer_public/d2/32/d232b492-5770-4a26-9e45-6d830a3a82b2/0.jpeg__48x48_q85_crop_subsampling-2_upscale.jpg", "modified": "2020-11-30T22:31:48.278", "source": 11}}, {"model": "easy_thumbnails.thumbnail", "pk": 54, "fields": {"storage_hash": "f9bde26a1556cd667f742bd34ec7c55e", "name": "filer_public_thumbnails/filer_public/d2/32/d232b492-5770-4a26-9e45-6d830a3a82b2/0.jpeg__64x64_q85_crop_subsampling-2_upscale.jpg", "modified": "2020-11-30T22:31:48.377", "source": 11}}, {"model": "easy_thumbnails.thumbnail", "pk": 55, "fields": {"storage_hash": "f9bde26a1556cd667f742bd34ec7c55e", "name": "filer_public_thumbnails/filer_public/d2/32/d232b492-5770-4a26-9e45-6d830a3a82b2/0.jpeg__180x180_q85_crop_subsampling-2_upscale.jpg", "modified": "2020-11-30T22:31:48.442", "source": 11}}, {"model": "easy_thumbnails.thumbnail", "pk": 56, "fields": {"storage_hash": "f9bde26a1556cd667f742bd34ec7c55e", "name": "filer_public_thumbnails/filer_public/38/fb/38fb90e3-6ce7-44ca-b8a7-78900548ea2f/kindergarten.png__16x16_q85_crop_subsampling-2_upscale.png", "modified": "2020-12-02T17:15:35.876", "source": 12}}, {"model": "easy_thumbnails.thumbnail", "pk": 57, "fields": {"storage_hash": "f9bde26a1556cd667f742bd34ec7c55e", "name": "filer_public_thumbnails/filer_public/38/fb/38fb90e3-6ce7-44ca-b8a7-78900548ea2f/kindergarten.png__32x32_q85_crop_subsampling-2_upscale.png", "modified": "2020-12-02T17:15:35.924", "source": 12}}, {"model": "easy_thumbnails.thumbnail", "pk": 58, "fields": {"storage_hash": "f9bde26a1556cd667f742bd34ec7c55e", "name": "filer_public_thumbnails/filer_public/38/fb/38fb90e3-6ce7-44ca-b8a7-78900548ea2f/kindergarten.png__48x48_q85_crop_subsampling-2_upscale.png", "modified": "2020-12-02T17:15:35.971", "source": 12}}, {"model": "easy_thumbnails.thumbnail", "pk": 59, "fields": {"storage_hash": "f9bde26a1556cd667f742bd34ec7c55e", "name": "filer_public_thumbnails/filer_public/38/fb/38fb90e3-6ce7-44ca-b8a7-78900548ea2f/kindergarten.png__64x64_q85_crop_subsampling-2_upscale.png", "modified": "2020-12-02T17:15:36.086", "source": 12}}, {"model": "easy_thumbnails.thumbnail", "pk": 60, "fields": {"storage_hash": "f9bde26a1556cd667f742bd34ec7c55e", "name": "filer_public_thumbnails/filer_public/38/fb/38fb90e3-6ce7-44ca-b8a7-78900548ea2f/kindergarten.png__180x180_q85_crop_subsampling-2_upscale.png", "modified": "2020-12-02T17:15:36.151", "source": 12}}, {"model": "easy_thumbnails.thumbnail", "pk": 61, "fields": {"storage_hash": "f9bde26a1556cd667f742bd34ec7c55e", "name": "filer_public_thumbnails/filer_public/1f/6f/1f6fe1ed-b20f-4303-a063-c083b5b9bd76/51plfeyrh0l_sx258_bo1204203200_.jpg__16x16_q85_crop_subsampling-2_upscale.jpg", "modified": "2020-12-07T12:13:54.545", "source": 13}}, {"model": "easy_thumbnails.thumbnail", "pk": 62, "fields": {"storage_hash": "f9bde26a1556cd667f742bd34ec7c55e", "name": "filer_public_thumbnails/filer_public/1f/6f/1f6fe1ed-b20f-4303-a063-c083b5b9bd76/51plfeyrh0l_sx258_bo1204203200_.jpg__32x32_q85_crop_subsampling-2_upscale.jpg", "modified": "2020-12-07T12:13:54.598", "source": 13}}, {"model": "easy_thumbnails.thumbnail", "pk": 63, "fields": {"storage_hash": "f9bde26a1556cd667f742bd34ec7c55e", "name": "filer_public_thumbnails/filer_public/1f/6f/1f6fe1ed-b20f-4303-a063-c083b5b9bd76/51plfeyrh0l_sx258_bo1204203200_.jpg__48x48_q85_crop_subsampling-2_upscale.jpg", "modified": "2020-12-07T12:13:54.633", "source": 13}}, {"model": "easy_thumbnails.thumbnail", "pk": 64, "fields": {"storage_hash": "f9bde26a1556cd667f742bd34ec7c55e", "name": "filer_public_thumbnails/filer_public/1f/6f/1f6fe1ed-b20f-4303-a063-c083b5b9bd76/51plfeyrh0l_sx258_bo1204203200_.jpg__64x64_q85_crop_subsampling-2_upscale.jpg", "modified": "2020-12-07T12:13:54.671", "source": 13}}, {"model": "easy_thumbnails.thumbnail", "pk": 65, "fields": {"storage_hash": "f9bde26a1556cd667f742bd34ec7c55e", "name": "filer_public_thumbnails/filer_public/1f/6f/1f6fe1ed-b20f-4303-a063-c083b5b9bd76/51plfeyrh0l_sx258_bo1204203200_.jpg__180x180_q85_crop_subsampling-2_upscale.jpg", "modified": "2020-12-07T12:13:54.708", "source": 13}}, {"model": "easy_thumbnails.thumbnail", "pk": 66, "fields": {"storage_hash": "f9bde26a1556cd667f742bd34ec7c55e", "name": "filer_public_thumbnails/filer_public/5c/9f/5c9f17df-3622-4744-a68c-c67fa1252baf/41x8oytblzl_sx324_bo1204203200_.jpg__16x16_q85_crop_subsampling-2_upscale.jpg", "modified": "2020-12-07T12:16:22.176", "source": 14}}, {"model": "easy_thumbnails.thumbnail", "pk": 67, "fields": {"storage_hash": "f9bde26a1556cd667f742bd34ec7c55e", "name": "filer_public_thumbnails/filer_public/5c/9f/5c9f17df-3622-4744-a68c-c67fa1252baf/41x8oytblzl_sx324_bo1204203200_.jpg__32x32_q85_crop_subsampling-2_upscale.jpg", "modified": "2020-12-07T12:16:22.226", "source": 14}}, {"model": "easy_thumbnails.thumbnail", "pk": 68, "fields": {"storage_hash": "f9bde26a1556cd667f742bd34ec7c55e", "name": "filer_public_thumbnails/filer_public/5c/9f/5c9f17df-3622-4744-a68c-c67fa1252baf/41x8oytblzl_sx324_bo1204203200_.jpg__48x48_q85_crop_subsampling-2_upscale.jpg", "modified": "2020-12-07T12:16:22.280", "source": 14}}, {"model": "easy_thumbnails.thumbnail", "pk": 69, "fields": {"storage_hash": "f9bde26a1556cd667f742bd34ec7c55e", "name": "filer_public_thumbnails/filer_public/5c/9f/5c9f17df-3622-4744-a68c-c67fa1252baf/41x8oytblzl_sx324_bo1204203200_.jpg__64x64_q85_crop_subsampling-2_upscale.jpg", "modified": "2020-12-07T12:16:22.321", "source": 14}}, {"model": "easy_thumbnails.thumbnail", "pk": 70, "fields": {"storage_hash": "f9bde26a1556cd667f742bd34ec7c55e", "name": "filer_public_thumbnails/filer_public/5c/9f/5c9f17df-3622-4744-a68c-c67fa1252baf/41x8oytblzl_sx324_bo1204203200_.jpg__180x180_q85_crop_subsampling-2_upscale.jpg", "modified": "2020-12-07T12:16:22.375", "source": 14}}, {"model": "easy_thumbnails.thumbnail", "pk": 71, "fields": {"storage_hash": "f9bde26a1556cd667f742bd34ec7c55e", "name": "filer_public_thumbnails/filer_public/21/ff/21ff75ba-357e-4994-811e-230dd1b4cc33/51pgrglsm4l_sx327_bo1204203200_.jpg__16x16_q85_crop_subsampling-2_upscale.jpg", "modified": "2020-12-07T12:25:14.088", "source": 15}}, {"model": "easy_thumbnails.thumbnail", "pk": 72, "fields": {"storage_hash": "f9bde26a1556cd667f742bd34ec7c55e", "name": "filer_public_thumbnails/filer_public/21/ff/21ff75ba-357e-4994-811e-230dd1b4cc33/51pgrglsm4l_sx327_bo1204203200_.jpg__32x32_q85_crop_subsampling-2_upscale.jpg", "modified": "2020-12-07T12:25:14.139", "source": 15}}, {"model": "easy_thumbnails.thumbnail", "pk": 73, "fields": {"storage_hash": "f9bde26a1556cd667f742bd34ec7c55e", "name": "filer_public_thumbnails/filer_public/21/ff/21ff75ba-357e-4994-811e-230dd1b4cc33/51pgrglsm4l_sx327_bo1204203200_.jpg__48x48_q85_crop_subsampling-2_upscale.jpg", "modified": "2020-12-07T12:25:14.190", "source": 15}}, {"model": "easy_thumbnails.thumbnail", "pk": 74, "fields": {"storage_hash": "f9bde26a1556cd667f742bd34ec7c55e", "name": "filer_public_thumbnails/filer_public/21/ff/21ff75ba-357e-4994-811e-230dd1b4cc33/51pgrglsm4l_sx327_bo1204203200_.jpg__64x64_q85_crop_subsampling-2_upscale.jpg", "modified": "2020-12-07T12:25:14.233", "source": 15}}, {"model": "easy_thumbnails.thumbnail", "pk": 75, "fields": {"storage_hash": "f9bde26a1556cd667f742bd34ec7c55e", "name": "filer_public_thumbnails/filer_public/21/ff/21ff75ba-357e-4994-811e-230dd1b4cc33/51pgrglsm4l_sx327_bo1204203200_.jpg__180x180_q85_crop_subsampling-2_upscale.jpg", "modified": "2020-12-07T12:25:14.275", "source": 15}}, {"model": "easy_thumbnails.thumbnail", "pk": 76, "fields": {"storage_hash": "f9bde26a1556cd667f742bd34ec7c55e", "name": "filer_public_thumbnails/filer_public/a4/6e/a46e64e6-2a77-48e4-abd6-86620f9ccb15/51gysc8exl_sx333_bo1204203200_.jpg__16x16_q85_crop_subsampling-2_upscale.jpg", "modified": "2020-12-07T12:26:19.871", "source": 16}}, {"model": "easy_thumbnails.thumbnail", "pk": 77, "fields": {"storage_hash": "f9bde26a1556cd667f742bd34ec7c55e", "name": "filer_public_thumbnails/filer_public/a4/6e/a46e64e6-2a77-48e4-abd6-86620f9ccb15/51gysc8exl_sx333_bo1204203200_.jpg__32x32_q85_crop_subsampling-2_upscale.jpg", "modified": "2020-12-07T12:26:19.921", "source": 16}}, {"model": "easy_thumbnails.thumbnail", "pk": 78, "fields": {"storage_hash": "f9bde26a1556cd667f742bd34ec7c55e", "name": "filer_public_thumbnails/filer_public/a4/6e/a46e64e6-2a77-48e4-abd6-86620f9ccb15/51gysc8exl_sx333_bo1204203200_.jpg__48x48_q85_crop_subsampling-2_upscale.jpg", "modified": "2020-12-07T12:26:19.959", "source": 16}}, {"model": "easy_thumbnails.thumbnail", "pk": 79, "fields": {"storage_hash": "f9bde26a1556cd667f742bd34ec7c55e", "name": "filer_public_thumbnails/filer_public/a4/6e/a46e64e6-2a77-48e4-abd6-86620f9ccb15/51gysc8exl_sx333_bo1204203200_.jpg__64x64_q85_crop_subsampling-2_upscale.jpg", "modified": "2020-12-07T12:26:19.994", "source": 16}}, {"model": "easy_thumbnails.thumbnail", "pk": 80, "fields": {"storage_hash": "f9bde26a1556cd667f742bd34ec7c55e", "name": "filer_public_thumbnails/filer_public/a4/6e/a46e64e6-2a77-48e4-abd6-86620f9ccb15/51gysc8exl_sx333_bo1204203200_.jpg__180x180_q85_crop_subsampling-2_upscale.jpg", "modified": "2020-12-07T12:26:20.044", "source": 16}}, {"model": "easy_thumbnails.thumbnail", "pk": 81, "fields": {"storage_hash": "f9bde26a1556cd667f742bd34ec7c55e", "name": "filer_public_thumbnails/filer_public/b9/b6/b9b609d8-7372-48fd-a068-a6e74f671b65/51ipgnxv3kl_sx328_bo1204203200_.jpg__16x16_q85_crop_subsampling-2_upscale.jpg", "modified": "2020-12-07T12:27:17.889", "source": 17}}, {"model": "easy_thumbnails.thumbnail", "pk": 82, "fields": {"storage_hash": "f9bde26a1556cd667f742bd34ec7c55e", "name": "filer_public_thumbnails/filer_public/b9/b6/b9b609d8-7372-48fd-a068-a6e74f671b65/51ipgnxv3kl_sx328_bo1204203200_.jpg__32x32_q85_crop_subsampling-2_upscale.jpg", "modified": "2020-12-07T12:27:17.934", "source": 17}}, {"model": "easy_thumbnails.thumbnail", "pk": 83, "fields": {"storage_hash": "f9bde26a1556cd667f742bd34ec7c55e", "name": "filer_public_thumbnails/filer_public/b9/b6/b9b609d8-7372-48fd-a068-a6e74f671b65/51ipgnxv3kl_sx328_bo1204203200_.jpg__48x48_q85_crop_subsampling-2_upscale.jpg", "modified": "2020-12-07T12:27:17.991", "source": 17}}, {"model": "easy_thumbnails.thumbnail", "pk": 84, "fields": {"storage_hash": "f9bde26a1556cd667f742bd34ec7c55e", "name": "filer_public_thumbnails/filer_public/b9/b6/b9b609d8-7372-48fd-a068-a6e74f671b65/51ipgnxv3kl_sx328_bo1204203200_.jpg__64x64_q85_crop_subsampling-2_upscale.jpg", "modified": "2020-12-07T12:27:18.052", "source": 17}}, {"model": "easy_thumbnails.thumbnail", "pk": 85, "fields": {"storage_hash": "f9bde26a1556cd667f742bd34ec7c55e", "name": "filer_public_thumbnails/filer_public/b9/b6/b9b609d8-7372-48fd-a068-a6e74f671b65/51ipgnxv3kl_sx328_bo1204203200_.jpg__180x180_q85_crop_subsampling-2_upscale.jpg", "modified": "2020-12-07T12:27:18.099", "source": 17}}, {"model": "easy_thumbnails.thumbnail", "pk": 86, "fields": {"storage_hash": "f9bde26a1556cd667f742bd34ec7c55e", "name": "filer_public_thumbnails/filer_public/b5/2f/b52fe2e7-54c0-46cb-8413-c78dd589ae55/517vrpia5dl_sx329_bo1204203200_.jpg__16x16_q85_crop_subsampling-2_upscale.jpg", "modified": "2020-12-07T12:28:28.959", "source": 18}}, {"model": "easy_thumbnails.thumbnail", "pk": 87, "fields": {"storage_hash": "f9bde26a1556cd667f742bd34ec7c55e", "name": "filer_public_thumbnails/filer_public/b5/2f/b52fe2e7-54c0-46cb-8413-c78dd589ae55/517vrpia5dl_sx329_bo1204203200_.jpg__32x32_q85_crop_subsampling-2_upscale.jpg", "modified": "2020-12-07T12:28:29.011", "source": 18}}, {"model": "easy_thumbnails.thumbnail", "pk": 88, "fields": {"storage_hash": "f9bde26a1556cd667f742bd34ec7c55e", "name": "filer_public_thumbnails/filer_public/b5/2f/b52fe2e7-54c0-46cb-8413-c78dd589ae55/517vrpia5dl_sx329_bo1204203200_.jpg__48x48_q85_crop_subsampling-2_upscale.jpg", "modified": "2020-12-07T12:28:29.075", "source": 18}}, {"model": "easy_thumbnails.thumbnail", "pk": 89, "fields": {"storage_hash": "f9bde26a1556cd667f742bd34ec7c55e", "name": "filer_public_thumbnails/filer_public/b5/2f/b52fe2e7-54c0-46cb-8413-c78dd589ae55/517vrpia5dl_sx329_bo1204203200_.jpg__64x64_q85_crop_subsampling-2_upscale.jpg", "modified": "2020-12-07T12:28:29.131", "source": 18}}, {"model": "easy_thumbnails.thumbnail", "pk": 90, "fields": {"storage_hash": "f9bde26a1556cd667f742bd34ec7c55e", "name": "filer_public_thumbnails/filer_public/b5/2f/b52fe2e7-54c0-46cb-8413-c78dd589ae55/517vrpia5dl_sx329_bo1204203200_.jpg__180x180_q85_crop_subsampling-2_upscale.jpg", "modified": "2020-12-07T12:28:29.197", "source": 18}}, {"model": "easy_thumbnails.thumbnail", "pk": 91, "fields": {"storage_hash": "f9bde26a1556cd667f742bd34ec7c55e", "name": "filer_public_thumbnails/filer_public/e2/6a/e26aedba-932d-4c3d-9872-d371b6221536/mqdefault_6s-0.png__16x16_q85_crop_subsampling-2_upscale.jpg", "modified": "2020-12-07T12:33:27.607", "source": 19}}, {"model": "easy_thumbnails.thumbnail", "pk": 92, "fields": {"storage_hash": "f9bde26a1556cd667f742bd34ec7c55e", "name": "filer_public_thumbnails/filer_public/e2/6a/e26aedba-932d-4c3d-9872-d371b6221536/mqdefault_6s-0.png__32x32_q85_crop_subsampling-2_upscale.jpg", "modified": "2020-12-07T12:33:27.643", "source": 19}}, {"model": "easy_thumbnails.thumbnail", "pk": 93, "fields": {"storage_hash": "f9bde26a1556cd667f742bd34ec7c55e", "name": "filer_public_thumbnails/filer_public/e2/6a/e26aedba-932d-4c3d-9872-d371b6221536/mqdefault_6s-0.png__48x48_q85_crop_subsampling-2_upscale.jpg", "modified": "2020-12-07T12:33:27.679", "source": 19}}, {"model": "easy_thumbnails.thumbnail", "pk": 94, "fields": {"storage_hash": "f9bde26a1556cd667f742bd34ec7c55e", "name": "filer_public_thumbnails/filer_public/e2/6a/e26aedba-932d-4c3d-9872-d371b6221536/mqdefault_6s-0.png__64x64_q85_crop_subsampling-2_upscale.jpg", "modified": "2020-12-07T12:33:27.724", "source": 19}}, {"model": "easy_thumbnails.thumbnail", "pk": 95, "fields": {"storage_hash": "f9bde26a1556cd667f742bd34ec7c55e", "name": "filer_public_thumbnails/filer_public/e2/6a/e26aedba-932d-4c3d-9872-d371b6221536/mqdefault_6s-0.png__180x180_q85_crop_subsampling-2_upscale.jpg", "modified": "2020-12-07T12:33:27.768", "source": 19}}, {"model": "easy_thumbnails.thumbnail", "pk": 96, "fields": {"storage_hash": "f9bde26a1556cd667f742bd34ec7c55e", "name": "filer_public_thumbnails/filer_public/61/a3/61a31057-852c-4508-8b5d-13eb39a5c349/mqdefault_6s_1-23.png__16x16_q85_crop_subsampling-2_upscale.jpg", "modified": "2020-12-07T12:34:46.428", "source": 20}}, {"model": "easy_thumbnails.thumbnail", "pk": 97, "fields": {"storage_hash": "f9bde26a1556cd667f742bd34ec7c55e", "name": "filer_public_thumbnails/filer_public/61/a3/61a31057-852c-4508-8b5d-13eb39a5c349/mqdefault_6s_1-23.png__32x32_q85_crop_subsampling-2_upscale.jpg", "modified": "2020-12-07T12:34:46.458", "source": 20}}, {"model": "easy_thumbnails.thumbnail", "pk": 98, "fields": {"storage_hash": "f9bde26a1556cd667f742bd34ec7c55e", "name": "filer_public_thumbnails/filer_public/61/a3/61a31057-852c-4508-8b5d-13eb39a5c349/mqdefault_6s_1-23.png__48x48_q85_crop_subsampling-2_upscale.jpg", "modified": "2020-12-07T12:34:46.494", "source": 20}}, {"model": "easy_thumbnails.thumbnail", "pk": 99, "fields": {"storage_hash": "f9bde26a1556cd667f742bd34ec7c55e", "name": "filer_public_thumbnails/filer_public/61/a3/61a31057-852c-4508-8b5d-13eb39a5c349/mqdefault_6s_1-23.png__64x64_q85_crop_subsampling-2_upscale.jpg", "modified": "2020-12-07T12:34:46.534", "source": 20}}, {"model": "easy_thumbnails.thumbnail", "pk": 100, "fields": {"storage_hash": "f9bde26a1556cd667f742bd34ec7c55e", "name": "filer_public_thumbnails/filer_public/61/a3/61a31057-852c-4508-8b5d-13eb39a5c349/mqdefault_6s_1-23.png__180x180_q85_crop_subsampling-2_upscale.jpg", "modified": "2020-12-07T12:34:46.569", "source": 20}}, {"model": "easy_thumbnails.thumbnail", "pk": 101, "fields": {"storage_hash": "f9bde26a1556cd667f742bd34ec7c55e", "name": "filer_public_thumbnails/filer_public/18/dd/18ddae49-c9fb-44b0-b471-90c0ebd6002f/mqdefault_6s_2-0.png__16x16_q85_crop_subsampling-2_upscale.jpg", "modified": "2020-12-07T12:38:11.094", "source": 21}}, {"model": "easy_thumbnails.thumbnail", "pk": 102, "fields": {"storage_hash": "f9bde26a1556cd667f742bd34ec7c55e", "name": "filer_public_thumbnails/filer_public/18/dd/18ddae49-c9fb-44b0-b471-90c0ebd6002f/mqdefault_6s_2-0.png__32x32_q85_crop_subsampling-2_upscale.jpg", "modified": "2020-12-07T12:38:11.134", "source": 21}}, {"model": "easy_thumbnails.thumbnail", "pk": 103, "fields": {"storage_hash": "f9bde26a1556cd667f742bd34ec7c55e", "name": "filer_public_thumbnails/filer_public/18/dd/18ddae49-c9fb-44b0-b471-90c0ebd6002f/mqdefault_6s_2-0.png__48x48_q85_crop_subsampling-2_upscale.jpg", "modified": "2020-12-07T12:38:11.177", "source": 21}}, {"model": "easy_thumbnails.thumbnail", "pk": 104, "fields": {"storage_hash": "f9bde26a1556cd667f742bd34ec7c55e", "name": "filer_public_thumbnails/filer_public/18/dd/18ddae49-c9fb-44b0-b471-90c0ebd6002f/mqdefault_6s_2-0.png__64x64_q85_crop_subsampling-2_upscale.jpg", "modified": "2020-12-07T12:38:11.213", "source": 21}}, {"model": "easy_thumbnails.thumbnail", "pk": 105, "fields": {"storage_hash": "f9bde26a1556cd667f742bd34ec7c55e", "name": "filer_public_thumbnails/filer_public/18/dd/18ddae49-c9fb-44b0-b471-90c0ebd6002f/mqdefault_6s_2-0.png__180x180_q85_crop_subsampling-2_upscale.jpg", "modified": "2020-12-07T12:38:11.252", "source": 21}}, {"model": "easy_thumbnails.thumbnail", "pk": 106, "fields": {"storage_hash": "f9bde26a1556cd667f742bd34ec7c55e", "name": "filer_public_thumbnails/filer_public/ef/3a/ef3abb14-ab23-40d6-92d7-9e485ce9f107/f83ca54a505a7a77561611e59e11aa49.png__16x16_q85_crop_subsampling-2_upscale.png", "modified": "2020-12-09T21:20:21.892", "source": 22}}, {"model": "easy_thumbnails.thumbnail", "pk": 107, "fields": {"storage_hash": "f9bde26a1556cd667f742bd34ec7c55e", "name": "filer_public_thumbnails/filer_public/ef/3a/ef3abb14-ab23-40d6-92d7-9e485ce9f107/f83ca54a505a7a77561611e59e11aa49.png__32x32_q85_crop_subsampling-2_upscale.png", "modified": "2020-12-09T21:20:21.965", "source": 22}}, {"model": "easy_thumbnails.thumbnail", "pk": 108, "fields": {"storage_hash": "f9bde26a1556cd667f742bd34ec7c55e", "name": "filer_public_thumbnails/filer_public/ef/3a/ef3abb14-ab23-40d6-92d7-9e485ce9f107/f83ca54a505a7a77561611e59e11aa49.png__48x48_q85_crop_subsampling-2_upscale.png", "modified": "2020-12-09T21:20:22.072", "source": 22}}, {"model": "easy_thumbnails.thumbnail", "pk": 109, "fields": {"storage_hash": "f9bde26a1556cd667f742bd34ec7c55e", "name": "filer_public_thumbnails/filer_public/ef/3a/ef3abb14-ab23-40d6-92d7-9e485ce9f107/f83ca54a505a7a77561611e59e11aa49.png__64x64_q85_crop_subsampling-2_upscale.png", "modified": "2020-12-09T21:20:22.152", "source": 22}}, {"model": "easy_thumbnails.thumbnail", "pk": 110, "fields": {"storage_hash": "f9bde26a1556cd667f742bd34ec7c55e", "name": "filer_public_thumbnails/filer_public/ef/3a/ef3abb14-ab23-40d6-92d7-9e485ce9f107/f83ca54a505a7a77561611e59e11aa49.png__180x180_q85_crop_subsampling-2_upscale.png", "modified": "2020-12-09T21:20:22.251", "source": 22}}, {"model": "easy_thumbnails.thumbnail", "pk": 111, "fields": {"storage_hash": "f9bde26a1556cd667f742bd34ec7c55e", "name": "filer_public_thumbnails/filer_public/8c/5d/8c5df23d-d23b-48df-bb40-3b996799b7b8/download_1.png__16x16_q85_crop_subsampling-2_upscale.png", "modified": "2020-12-09T21:21:14.482", "source": 23}}, {"model": "easy_thumbnails.thumbnail", "pk": 112, "fields": {"storage_hash": "f9bde26a1556cd667f742bd34ec7c55e", "name": "filer_public_thumbnails/filer_public/8c/5d/8c5df23d-d23b-48df-bb40-3b996799b7b8/download_1.png__32x32_q85_crop_subsampling-2_upscale.png", "modified": "2020-12-09T21:21:14.561", "source": 23}}, {"model": "easy_thumbnails.thumbnail", "pk": 113, "fields": {"storage_hash": "f9bde26a1556cd667f742bd34ec7c55e", "name": "filer_public_thumbnails/filer_public/8c/5d/8c5df23d-d23b-48df-bb40-3b996799b7b8/download_1.png__48x48_q85_crop_subsampling-2_upscale.png", "modified": "2020-12-09T21:21:14.633", "source": 23}}, {"model": "easy_thumbnails.thumbnail", "pk": 114, "fields": {"storage_hash": "f9bde26a1556cd667f742bd34ec7c55e", "name": "filer_public_thumbnails/filer_public/8c/5d/8c5df23d-d23b-48df-bb40-3b996799b7b8/download_1.png__64x64_q85_crop_subsampling-2_upscale.png", "modified": "2020-12-09T21:21:14.681", "source": 23}}, {"model": "easy_thumbnails.thumbnail", "pk": 115, "fields": {"storage_hash": "f9bde26a1556cd667f742bd34ec7c55e", "name": "filer_public_thumbnails/filer_public/8c/5d/8c5df23d-d23b-48df-bb40-3b996799b7b8/download_1.png__180x180_q85_crop_subsampling-2_upscale.png", "modified": "2020-12-09T21:21:14.745", "source": 23}}, {"model": "easy_thumbnails.thumbnail", "pk": 116, "fields": {"storage_hash": "f9bde26a1556cd667f742bd34ec7c55e", "name": "filer_public_thumbnails/filer_public/f6/5b/f65bd20a-7f2c-4360-b569-9e3d4dd203c1/download.png__16x16_q85_crop_subsampling-2_upscale.png", "modified": "2020-12-09T21:21:37.895", "source": 24}}, {"model": "easy_thumbnails.thumbnail", "pk": 117, "fields": {"storage_hash": "f9bde26a1556cd667f742bd34ec7c55e", "name": "filer_public_thumbnails/filer_public/f6/5b/f65bd20a-7f2c-4360-b569-9e3d4dd203c1/download.png__32x32_q85_crop_subsampling-2_upscale.png", "modified": "2020-12-09T21:21:37.951", "source": 24}}, {"model": "easy_thumbnails.thumbnail", "pk": 118, "fields": {"storage_hash": "f9bde26a1556cd667f742bd34ec7c55e", "name": "filer_public_thumbnails/filer_public/f6/5b/f65bd20a-7f2c-4360-b569-9e3d4dd203c1/download.png__48x48_q85_crop_subsampling-2_upscale.png", "modified": "2020-12-09T21:21:38.007", "source": 24}}, {"model": "easy_thumbnails.thumbnail", "pk": 119, "fields": {"storage_hash": "f9bde26a1556cd667f742bd34ec7c55e", "name": "filer_public_thumbnails/filer_public/f6/5b/f65bd20a-7f2c-4360-b569-9e3d4dd203c1/download.png__64x64_q85_crop_subsampling-2_upscale.png", "modified": "2020-12-09T21:21:38.070", "source": 24}}, {"model": "easy_thumbnails.thumbnail", "pk": 120, "fields": {"storage_hash": "f9bde26a1556cd667f742bd34ec7c55e", "name": "filer_public_thumbnails/filer_public/f6/5b/f65bd20a-7f2c-4360-b569-9e3d4dd203c1/download.png__180x180_q85_crop_subsampling-2_upscale.png", "modified": "2020-12-09T21:21:38.140", "source": 24}}, {"model": "easy_thumbnails.thumbnail", "pk": 121, "fields": {"storage_hash": "f9bde26a1556cd667f742bd34ec7c55e", "name": "filer_public_thumbnails/filer_public/7e/59/7e59ef7b-06e2-42ec-ad0e-6f900403a241/carl-sagan-1024x576.png__16x16_q85_crop_subsampling-2_upscale.png", "modified": "2020-12-09T21:21:50.066", "source": 25}}, {"model": "easy_thumbnails.thumbnail", "pk": 122, "fields": {"storage_hash": "f9bde26a1556cd667f742bd34ec7c55e", "name": "filer_public_thumbnails/filer_public/7e/59/7e59ef7b-06e2-42ec-ad0e-6f900403a241/carl-sagan-1024x576.png__32x32_q85_crop_subsampling-2_upscale.png", "modified": "2020-12-09T21:21:50.114", "source": 25}}, {"model": "easy_thumbnails.thumbnail", "pk": 123, "fields": {"storage_hash": "f9bde26a1556cd667f742bd34ec7c55e", "name": "filer_public_thumbnails/filer_public/7e/59/7e59ef7b-06e2-42ec-ad0e-6f900403a241/carl-sagan-1024x576.png__48x48_q85_crop_subsampling-2_upscale.png", "modified": "2020-12-09T21:21:50.190", "source": 25}}, {"model": "easy_thumbnails.thumbnail", "pk": 124, "fields": {"storage_hash": "f9bde26a1556cd667f742bd34ec7c55e", "name": "filer_public_thumbnails/filer_public/7e/59/7e59ef7b-06e2-42ec-ad0e-6f900403a241/carl-sagan-1024x576.png__64x64_q85_crop_subsampling-2_upscale.png", "modified": "2020-12-09T21:21:50.280", "source": 25}}, {"model": "easy_thumbnails.thumbnail", "pk": 125, "fields": {"storage_hash": "f9bde26a1556cd667f742bd34ec7c55e", "name": "filer_public_thumbnails/filer_public/7e/59/7e59ef7b-06e2-42ec-ad0e-6f900403a241/carl-sagan-1024x576.png__180x180_q85_crop_subsampling-2_upscale.png", "modified": "2020-12-09T21:21:51.042", "source": 25}}, {"model": "easy_thumbnails.thumbnail", "pk": 126, "fields": {"storage_hash": "f9bde26a1556cd667f742bd34ec7c55e", "name": "filer_public_thumbnails/filer_public/f7/d6/f7d6e1e0-468e-45b3-b595-168e8373fc60/carlsagan1.png__16x16_q85_crop_subsampling-2_upscale.png", "modified": "2020-12-09T21:22:13.911", "source": 26}}, {"model": "easy_thumbnails.thumbnail", "pk": 127, "fields": {"storage_hash": "f9bde26a1556cd667f742bd34ec7c55e", "name": "filer_public_thumbnails/filer_public/f7/d6/f7d6e1e0-468e-45b3-b595-168e8373fc60/carlsagan1.png__32x32_q85_crop_subsampling-2_upscale.png", "modified": "2020-12-09T21:22:13.977", "source": 26}}, {"model": "easy_thumbnails.thumbnail", "pk": 128, "fields": {"storage_hash": "f9bde26a1556cd667f742bd34ec7c55e", "name": "filer_public_thumbnails/filer_public/f7/d6/f7d6e1e0-468e-45b3-b595-168e8373fc60/carlsagan1.png__48x48_q85_crop_subsampling-2_upscale.png", "modified": "2020-12-09T21:22:14.084", "source": 26}}, {"model": "easy_thumbnails.thumbnail", "pk": 129, "fields": {"storage_hash": "f9bde26a1556cd667f742bd34ec7c55e", "name": "filer_public_thumbnails/filer_public/f7/d6/f7d6e1e0-468e-45b3-b595-168e8373fc60/carlsagan1.png__64x64_q85_crop_subsampling-2_upscale.png", "modified": "2020-12-09T21:22:14.168", "source": 26}}, {"model": "easy_thumbnails.thumbnail", "pk": 130, "fields": {"storage_hash": "f9bde26a1556cd667f742bd34ec7c55e", "name": "filer_public_thumbnails/filer_public/f7/d6/f7d6e1e0-468e-45b3-b595-168e8373fc60/carlsagan1.png__180x180_q85_crop_subsampling-2_upscale.png", "modified": "2020-12-09T21:22:14.285", "source": 26}}, {"model": "easy_thumbnails.thumbnail", "pk": 131, "fields": {"storage_hash": "f9bde26a1556cd667f742bd34ec7c55e", "name": "filer_public_thumbnails/filer_public/02/e9/02e98f13-aad6-4904-a0b2-103742ac0e36/albert-einstein-quotes-2.png__16x16_q85_crop_subsampling-2_upscale.png", "modified": "2020-12-09T21:22:28.617", "source": 27}}, {"model": "easy_thumbnails.thumbnail", "pk": 132, "fields": {"storage_hash": "f9bde26a1556cd667f742bd34ec7c55e", "name": "filer_public_thumbnails/filer_public/02/e9/02e98f13-aad6-4904-a0b2-103742ac0e36/albert-einstein-quotes-2.png__32x32_q85_crop_subsampling-2_upscale.png", "modified": "2020-12-09T21:22:28.702", "source": 27}}, {"model": "easy_thumbnails.thumbnail", "pk": 133, "fields": {"storage_hash": "f9bde26a1556cd667f742bd34ec7c55e", "name": "filer_public_thumbnails/filer_public/02/e9/02e98f13-aad6-4904-a0b2-103742ac0e36/albert-einstein-quotes-2.png__48x48_q85_crop_subsampling-2_upscale.png", "modified": "2020-12-09T21:22:28.781", "source": 27}}, {"model": "easy_thumbnails.thumbnail", "pk": 134, "fields": {"storage_hash": "f9bde26a1556cd667f742bd34ec7c55e", "name": "filer_public_thumbnails/filer_public/02/e9/02e98f13-aad6-4904-a0b2-103742ac0e36/albert-einstein-quotes-2.png__64x64_q85_crop_subsampling-2_upscale.png", "modified": "2020-12-09T21:22:28.844", "source": 27}}, {"model": "easy_thumbnails.thumbnail", "pk": 135, "fields": {"storage_hash": "f9bde26a1556cd667f742bd34ec7c55e", "name": "filer_public_thumbnails/filer_public/02/e9/02e98f13-aad6-4904-a0b2-103742ac0e36/albert-einstein-quotes-2.png__180x180_q85_crop_subsampling-2_upscale.png", "modified": "2020-12-09T21:22:28.917", "source": 27}}, {"model": "easy_thumbnails.thumbnail", "pk": 136, "fields": {"storage_hash": "f9bde26a1556cd667f742bd34ec7c55e", "name": "filer_public_thumbnails/filer_public/3b/88/3b88f925-204b-42b9-9cbf-10bf71afb1d2/8946918_full-richard-feynman-quotes-richard-feynman-quotes-1001-inspirational-quotes.png__16x16_q85_crop_subsampling-2_upscale.png", "modified": "2020-12-09T21:22:50.395", "source": 28}}, {"model": "easy_thumbnails.thumbnail", "pk": 137, "fields": {"storage_hash": "f9bde26a1556cd667f742bd34ec7c55e", "name": "filer_public_thumbnails/filer_public/3b/88/3b88f925-204b-42b9-9cbf-10bf71afb1d2/8946918_full-richard-feynman-quotes-richard-feynman-quotes-1001-inspirational-quotes.png__32x32_q85_crop_subsampling-2_upscale.png", "modified": "2020-12-09T21:22:50.542", "source": 28}}, {"model": "easy_thumbnails.thumbnail", "pk": 138, "fields": {"storage_hash": "f9bde26a1556cd667f742bd34ec7c55e", "name": "filer_public_thumbnails/filer_public/3b/88/3b88f925-204b-42b9-9cbf-10bf71afb1d2/8946918_full-richard-feynman-quotes-richard-feynman-quotes-1001-inspirational-quotes.png__48x48_q85_crop_subsampling-2_upscale.png", "modified": "2020-12-09T21:22:50.633", "source": 28}}, {"model": "easy_thumbnails.thumbnail", "pk": 139, "fields": {"storage_hash": "f9bde26a1556cd667f742bd34ec7c55e", "name": "filer_public_thumbnails/filer_public/3b/88/3b88f925-204b-42b9-9cbf-10bf71afb1d2/8946918_full-richard-feynman-quotes-richard-feynman-quotes-1001-inspirational-quotes.png__64x64_q85_crop_subsampling-2_upscale.png", "modified": "2020-12-09T21:22:50.712", "source": 28}}, {"model": "easy_thumbnails.thumbnail", "pk": 140, "fields": {"storage_hash": "f9bde26a1556cd667f742bd34ec7c55e", "name": "filer_public_thumbnails/filer_public/3b/88/3b88f925-204b-42b9-9cbf-10bf71afb1d2/8946918_full-richard-feynman-quotes-richard-feynman-quotes-1001-inspirational-quotes.png__180x180_q85_crop_subsampling-2_upscale.png", "modified": "2020-12-09T21:22:50.791", "source": 28}}, {"model": "easy_thumbnails.thumbnail", "pk": 141, "fields": {"storage_hash": "f9bde26a1556cd667f742bd34ec7c55e", "name": "filer_public_thumbnails/filer_public/08/6f/086f82df-8237-40d4-974d-40915739d845/quote-the-actual-state-of-our-knowledge-is-always-provisional-and-there-must-be-beyond-what-louis-de-broglie-71-21-08.png__16x16_q85_crop_subsampling-2_upscale.png", "modified": "2020-12-09T21:23:06.117", "source": 29}}, {"model": "easy_thumbnails.thumbnail", "pk": 142, "fields": {"storage_hash": "f9bde26a1556cd667f742bd34ec7c55e", "name": "filer_public_thumbnails/filer_public/08/6f/086f82df-8237-40d4-974d-40915739d845/quote-the-actual-state-of-our-knowledge-is-always-provisional-and-there-must-be-beyond-what-louis-de-broglie-71-21-08.png__32x32_q85_crop_subsampling-2_upscale.png", "modified": "2020-12-09T21:23:06.218", "source": 29}}, {"model": "easy_thumbnails.thumbnail", "pk": 143, "fields": {"storage_hash": "f9bde26a1556cd667f742bd34ec7c55e", "name": "filer_public_thumbnails/filer_public/08/6f/086f82df-8237-40d4-974d-40915739d845/quote-the-actual-state-of-our-knowledge-is-always-provisional-and-there-must-be-beyond-what-louis-de-broglie-71-21-08.png__48x48_q85_crop_subsampling-2_upscale.png", "modified": "2020-12-09T21:23:06.265", "source": 29}}, {"model": "easy_thumbnails.thumbnail", "pk": 144, "fields": {"storage_hash": "f9bde26a1556cd667f742bd34ec7c55e", "name": "filer_public_thumbnails/filer_public/08/6f/086f82df-8237-40d4-974d-40915739d845/quote-the-actual-state-of-our-knowledge-is-always-provisional-and-there-must-be-beyond-what-louis-de-broglie-71-21-08.png__64x64_q85_crop_subsampling-2_upscale.png", "modified": "2020-12-09T21:23:06.322", "source": 29}}, {"model": "easy_thumbnails.thumbnail", "pk": 145, "fields": {"storage_hash": "f9bde26a1556cd667f742bd34ec7c55e", "name": "filer_public_thumbnails/filer_public/08/6f/086f82df-8237-40d4-974d-40915739d845/quote-the-actual-state-of-our-knowledge-is-always-provisional-and-there-must-be-beyond-what-louis-de-broglie-71-21-08.png__180x180_q85_crop_subsampling-2_upscale.png", "modified": "2020-12-09T21:23:06.398", "source": 29}}, {"model": "easy_thumbnails.thumbnail", "pk": 146, "fields": {"storage_hash": "f9bde26a1556cd667f742bd34ec7c55e", "name": "filer_public_thumbnails/filer_public/8c/63/8c632cc6-e74c-4e8b-8114-d8ffa46d0309/quote-i-would-rather-have-questions-that-can-t-be-answered-than-answers-that-can-t-be-questioned-richard-p-feynman-82-43-34.png__16x16_q85_crop_subsampling-2_upscale.png", "modified": "2020-12-09T21:23:21.683", "source": 30}}, {"model": "easy_thumbnails.thumbnail", "pk": 147, "fields": {"storage_hash": "f9bde26a1556cd667f742bd34ec7c55e", "name": "filer_public_thumbnails/filer_public/8c/63/8c632cc6-e74c-4e8b-8114-d8ffa46d0309/quote-i-would-rather-have-questions-that-can-t-be-answered-than-answers-that-can-t-be-questioned-richard-p-feynman-82-43-34.png__32x32_q85_crop_subsampling-2_upscale.png", "modified": "2020-12-09T21:23:21.769", "source": 30}}, {"model": "easy_thumbnails.thumbnail", "pk": 148, "fields": {"storage_hash": "f9bde26a1556cd667f742bd34ec7c55e", "name": "filer_public_thumbnails/filer_public/8c/63/8c632cc6-e74c-4e8b-8114-d8ffa46d0309/quote-i-would-rather-have-questions-that-can-t-be-answered-than-answers-that-can-t-be-questioned-richard-p-feynman-82-43-34.png__48x48_q85_crop_subsampling-2_upscale.png", "modified": "2020-12-09T21:23:21.831", "source": 30}}, {"model": "easy_thumbnails.thumbnail", "pk": 149, "fields": {"storage_hash": "f9bde26a1556cd667f742bd34ec7c55e", "name": "filer_public_thumbnails/filer_public/8c/63/8c632cc6-e74c-4e8b-8114-d8ffa46d0309/quote-i-would-rather-have-questions-that-can-t-be-answered-than-answers-that-can-t-be-questioned-richard-p-feynman-82-43-34.png__64x64_q85_crop_subsampling-2_upscale.png", "modified": "2020-12-09T21:23:21.931", "source": 30}}, {"model": "easy_thumbnails.thumbnail", "pk": 150, "fields": {"storage_hash": "f9bde26a1556cd667f742bd34ec7c55e", "name": "filer_public_thumbnails/filer_public/8c/63/8c632cc6-e74c-4e8b-8114-d8ffa46d0309/quote-i-would-rather-have-questions-that-can-t-be-answered-than-answers-that-can-t-be-questioned-richard-p-feynman-82-43-34.png__180x180_q85_crop_subsampling-2_upscale.png", "modified": "2020-12-09T21:23:22.066", "source": 30}}, {"model": "easy_thumbnails.thumbnail", "pk": 151, "fields": {"storage_hash": "f9bde26a1556cd667f742bd34ec7c55e", "name": "filer_public_thumbnails/filer_public/56/33/56330536-0b13-4e22-995d-560119b0be5f/415-qh52npl_sx325_bo1204203200_.jpg__16x16_q85_crop_subsampling-2_upscale.jpg", "modified": "2020-12-13T13:31:28.753", "source": 31}}, {"model": "easy_thumbnails.thumbnail", "pk": 152, "fields": {"storage_hash": "f9bde26a1556cd667f742bd34ec7c55e", "name": "filer_public_thumbnails/filer_public/56/33/56330536-0b13-4e22-995d-560119b0be5f/415-qh52npl_sx325_bo1204203200_.jpg__32x32_q85_crop_subsampling-2_upscale.jpg", "modified": "2020-12-13T13:31:28.802", "source": 31}}, {"model": "easy_thumbnails.thumbnail", "pk": 153, "fields": {"storage_hash": "f9bde26a1556cd667f742bd34ec7c55e", "name": "filer_public_thumbnails/filer_public/56/33/56330536-0b13-4e22-995d-560119b0be5f/415-qh52npl_sx325_bo1204203200_.jpg__48x48_q85_crop_subsampling-2_upscale.jpg", "modified": "2020-12-13T13:31:28.845", "source": 31}}, {"model": "easy_thumbnails.thumbnail", "pk": 154, "fields": {"storage_hash": "f9bde26a1556cd667f742bd34ec7c55e", "name": "filer_public_thumbnails/filer_public/56/33/56330536-0b13-4e22-995d-560119b0be5f/415-qh52npl_sx325_bo1204203200_.jpg__64x64_q85_crop_subsampling-2_upscale.jpg", "modified": "2020-12-13T13:31:28.884", "source": 31}}, {"model": "easy_thumbnails.thumbnail", "pk": 155, "fields": {"storage_hash": "f9bde26a1556cd667f742bd34ec7c55e", "name": "filer_public_thumbnails/filer_public/56/33/56330536-0b13-4e22-995d-560119b0be5f/415-qh52npl_sx325_bo1204203200_.jpg__180x180_q85_crop_subsampling-2_upscale.jpg", "modified": "2020-12-13T13:31:28.928", "source": 31}}, {"model": "easy_thumbnails.thumbnail", "pk": 156, "fields": {"storage_hash": "f9bde26a1556cd667f742bd34ec7c55e", "name": "filer_public_thumbnails/filer_public/18/e7/18e73a6b-b319-4ad7-a376-18c629452cf7/stephen-hawking.jpg__16x16_q85_crop_subsampling-2_upscale.jpg", "modified": "2020-12-13T13:34:24.487", "source": 32}}, {"model": "easy_thumbnails.thumbnail", "pk": 157, "fields": {"storage_hash": "f9bde26a1556cd667f742bd34ec7c55e", "name": "filer_public_thumbnails/filer_public/18/e7/18e73a6b-b319-4ad7-a376-18c629452cf7/stephen-hawking.jpg__32x32_q85_crop_subsampling-2_upscale.jpg", "modified": "2020-12-13T13:34:24.580", "source": 32}}, {"model": "easy_thumbnails.thumbnail", "pk": 158, "fields": {"storage_hash": "f9bde26a1556cd667f742bd34ec7c55e", "name": "filer_public_thumbnails/filer_public/18/e7/18e73a6b-b319-4ad7-a376-18c629452cf7/stephen-hawking.jpg__48x48_q85_crop_subsampling-2_upscale.jpg", "modified": "2020-12-13T13:34:24.638", "source": 32}}, {"model": "easy_thumbnails.thumbnail", "pk": 159, "fields": {"storage_hash": "f9bde26a1556cd667f742bd34ec7c55e", "name": "filer_public_thumbnails/filer_public/18/e7/18e73a6b-b319-4ad7-a376-18c629452cf7/stephen-hawking.jpg__64x64_q85_crop_subsampling-2_upscale.jpg", "modified": "2020-12-13T13:34:24.695", "source": 32}}, {"model": "easy_thumbnails.thumbnail", "pk": 160, "fields": {"storage_hash": "f9bde26a1556cd667f742bd34ec7c55e", "name": "filer_public_thumbnails/filer_public/18/e7/18e73a6b-b319-4ad7-a376-18c629452cf7/stephen-hawking.jpg__180x180_q85_crop_subsampling-2_upscale.jpg", "modified": "2020-12-13T13:34:24.769", "source": 32}}, {"model": "home.homepagebanners", "pk": 1, "fields": {"path": "0001", "depth": 1, "numchild": 0, "banner_title": "Leader", "desktop_banner_avatar": 1, "mobile_banner_avatar": null, "description": "<h3>15 Years of Expertise in Leading Teams Across Many Verticals. Currently Serving as a Director at\r\n                VMWare.</h3>", "published": true, "created_on": "2020-11-08T21:45:53.109", "updated_on": "2020-11-08T21:45:53.112"}}, {"model": "home.homepagebanners", "pk": 2, "fields": {"path": "0002", "depth": 1, "numchild": 0, "banner_title": "A Keen Science Enthusiast", "desktop_banner_avatar": 1, "mobile_banner_avatar": null, "description": "<h3>\"Being Aware of Nature and Science is as important as breathing\". Always been a curious explore of\r\n                the World around me.</h3>", "published": true, "created_on": "2020-11-08T21:46:12.857", "updated_on": "2020-11-08T21:46:12.859"}}, {"model": "home.homepagebanners", "pk": 3, "fields": {"path": "0003", "depth": 1, "numchild": 0, "banner_title": "Responsible Citizen", "desktop_banner_avatar": 1, "mobile_banner_avatar": null, "description": "<h3>Constantly Interacting with the youth of the country to create awareness through Instruct Sciene.\r\n              </h3>", "published": true, "created_on": "2020-11-08T21:46:31.863", "updated_on": "2020-11-08T21:46:31.864"}}, {"model": "home.expertise", "pk": 2, "fields": {"path": "0001", "depth": 1, "numchild": 0, "title": "Quantum Computing", "logo": 6, "description": "<p>Sed ut perspiciatis unde omnis iste natus error sit voluptatem accusantium doloremque laudantium, totam rem aperiam, eaque ipsa quae ab illo inventore veritatis et quasi architecto beatae vitae dicta sunt explicabo. Nemo enim ipsam voluptatem quia voluptas sit aspernatur aut odit aut fugit, sed quia consequuntur magni dolores eos qui ratione voluptatem sequi nesciunt. Neque porro quisquam est, qui dolorem ipsum quia dolor sit amet, consectetur, adipisci velit, sed quia non numquam eius modi tempora incidunt ut labore et dolore magnam aliquam quaerat voluptatem. Ut enim ad minima veniam, quis nostrum exercitationem ullam</p>", "published": true, "created_on": "2020-11-08T21:57:00.130", "updated_on": "2020-12-13T13:33:02.264"}}, {"model": "home.expertise", "pk": 3, "fields": {"path": "0002", "depth": 1, "numchild": 0, "title": "Artificial intelligence", "logo": 3, "description": "<p>Sed ut perspiciatis unde omnis iste natus error sit voluptatem accusantium doloremque laudantium,\r\n              totam rem aperiam, eaque ipsa quae ab illo inventore veritatis et quasi architecto beatae vitae dicta\r\n              sunt explicabo. Nemo enim ipsam voluptatem quia voluptas sit aspernatur aut odit aut fugit, sed quia\r\n              consequuntur magni dolores eos qui ratione voluptatem sequi nesciunt. Neque porro quisquam est, qui\r\n              dolorem ipsum quia dolor sit amet, consectetur, adipisci velit, sed quia non numquam eius modi tempora\r\n              incidunt ut labore et dolore magnam aliquam quaerat voluptatem. Ut enim ad minima veniam, quis nostrum\r\n              exercitationem ullam</p>", "published": true, "created_on": "2020-11-08T21:57:26.153", "updated_on": "2020-11-08T21:57:26.156"}}, {"model": "home.expertise", "pk": 4, "fields": {"path": "0003", "depth": 1, "numchild": 0, "title": "Machine learning", "logo": 5, "description": "<p>Sed ut perspiciatis unde omnis iste natus error sit voluptatem accusantium doloremque laudantium,\r\n              totam rem aperiam, eaque ipsa quae ab illo inventore veritatis et quasi architecto beatae vitae dicta\r\n              sunt explicabo. Nemo enim ipsam voluptatem quia voluptas sit aspernatur aut odit aut fugit, sed quia\r\n              consequuntur magni dolores eos qui ratione voluptatem sequi nesciunt. Neque porro quisquam est, qui\r\n              dolorem ipsum quia dolor sit amet, consectetur, adipisci velit, sed quia non numquam eius modi tempora\r\n              incidunt ut labore et dolore magnam aliquam quaerat voluptatem. Ut enim ad minima veniam, quis nostrum\r\n              exercitationem ullam</p>", "published": true, "created_on": "2020-11-08T21:57:43.447", "updated_on": "2020-11-08T21:57:43.449"}}, {"model": "home.expertise", "pk": 5, "fields": {"path": "0004", "depth": 1, "numchild": 0, "title": "Genetics", "logo": 4, "description": "<p>Sed ut perspiciatis unde omnis iste natus error sit voluptatem accusantium doloremque laudantium,\r\n              totam rem aperiam, eaque ipsa quae ab illo inventore veritatis et quasi architecto beatae vitae dicta\r\n              sunt explicabo. Nemo enim ipsam voluptatem quia voluptas sit aspernatur aut odit aut fugit, sed quia\r\n              consequuntur magni dolores eos qui ratione voluptatem sequi nesciunt. Neque porro quisquam est, qui\r\n              dolorem ipsum quia dolor sit amet, consectetur, adipisci velit, sed quia non numquam eius modi tempora\r\n              incidunt ut labore et dolore magnam aliquam quaerat voluptatem. Ut enim ad minima veniam, quis nostrum\r\n              exercitationem ullam</p>", "published": true, "created_on": "2020-11-08T21:58:16.232", "updated_on": "2020-11-08T21:58:16.235"}}, {"model": "home.expertise", "pk": 6, "fields": {"path": "0005", "depth": 1, "numchild": 0, "title": "Cloud computing", "logo": 2, "description": "<p>Sed ut perspiciatis unde omnis iste natus error sit voluptatem accusantium doloremque laudantium,\r\n              totam rem aperiam, eaque ipsa quae ab illo inventore veritatis et quasi architecto beatae vitae dicta\r\n              sunt explicabo. Nemo enim ipsam voluptatem quia voluptas sit aspernatur aut odit aut fugit, sed quia\r\n              consequuntur magni dolores eos qui ratione voluptatem sequi nesciunt. Neque porro quisquam est, qui\r\n              dolorem ipsum quia dolor sit amet, consectetur, adipisci velit, sed quia non numquam eius modi tempora\r\n              incidunt ut labore et dolore magnam aliquam quaerat voluptatem. Ut enim ad minima veniam, quis nostrum\r\n              exercitationem ullam</p>", "published": true, "created_on": "2020-11-08T21:58:53.815", "updated_on": "2020-11-08T21:58:53.820"}}, {"model": "home.video", "pk": 1, "fields": {"path": "0001", "depth": 1, "numchild": 0, "video_title": "21 Lessons for the 21st Century | Yuval Noah Harari | Talks at Google", "video_image": 19, "video_link": "https://www.youtube.com/watch?v=Bw9P_ZXWDJU", "content_published_date": "2020-12-02T17:19:04", "published": true, "created_on": "2020-12-02T17:19:07.422", "updated_on": "2020-12-07T12:33:59.310"}}, {"model": "home.video", "pk": 2, "fields": {"path": "0002", "depth": 1, "numchild": 0, "video_title": "Carl Sagan : The Existence of God", "video_image": 20, "video_link": "https://www.youtube.com/watch?v=ML4kiFCKZGo", "content_published_date": "2020-12-13T17:19:04", "published": true, "created_on": "2020-12-02T17:21:44.515", "updated_on": "2020-12-13T11:42:10.004"}}, {"model": "home.video", "pk": 3, "fields": {"path": "0004", "depth": 1, "numchild": 0, "video_title": "Feynman's Lectures on Physics - The Law of Gravitation", "video_image": 21, "video_link": "https://www.youtube.com/watch?v=QRE0GxT6Zbw", "content_published_date": "2020-12-02T17:19:04", "published": true, "created_on": "2020-12-02T17:21:44.547", "updated_on": "2020-12-07T12:38:13.718"}}, {"model": "home.video", "pk": 4, "fields": {"path": "0005", "depth": 1, "numchild": 0, "video_title": "Lorem ipsum dolor sit amet, consectetur adipisicing elit, sed do eiusmod tempor incididunt ut labore                 et dolore magna aliqua.", "video_image": 12, "video_link": "https://www.youtube.com/embed/ABG50xN532g", "content_published_date": "2020-12-02T17:19:04", "published": true, "created_on": "2020-12-02T17:21:44.587", "updated_on": "2020-12-13T13:37:31.251"}}, {"model": "home.video", "pk": 5, "fields": {"path": "0007", "depth": 1, "numchild": 0, "video_title": "Lorem ipsum dolor sit amet, consectetur adipisicing elit, sed do eiusmod tempor incididunt ut labore                 et dolore magna aliqua.", "video_image": 12, "video_link": "https://www.youtube.com/embed/ABG50xN532g", "content_published_date": "2020-12-02T17:19:04", "published": true, "created_on": "2020-12-02T17:21:44.615", "updated_on": "2020-12-02T17:21:44.635"}}, {"model": "home.video", "pk": 6, "fields": {"path": "0008", "depth": 1, "numchild": 0, "video_title": "Lorem ipsum dolor sit amet, consectetur adipisicing elit, sed do eiusmod tempor incididunt ut labore                 et dolore magna aliqua.", "video_image": 12, "video_link": "https://www.youtube.com/embed/ABG50xN532g", "content_published_date": "2020-12-02T17:19:04", "published": true, "created_on": "2020-12-02T17:21:44.652", "updated_on": "2020-12-02T17:21:44.667"}}, {"model": "home.video", "pk": 7, "fields": {"path": "0009", "depth": 1, "numchild": 0, "video_title": "Lorem ipsum dolor sit amet, consectetur adipisicing elit, sed do eiusmod tempor incididunt ut labore                 et dolore magna aliqua.", "video_image": 12, "video_link": "https://www.youtube.com/embed/ABG50xN532g", "content_published_date": "2020-12-02T17:19:04", "published": true, "created_on": "2020-12-02T17:21:44.686", "updated_on": "2020-12-02T17:21:44.696"}}, {"model": "home.video", "pk": 8, "fields": {"path": "000A", "depth": 1, "numchild": 0, "video_title": "Lorem ipsum dolor sit amet, consectetur adipisicing elit, sed do eiusmod tempor incididunt ut labore                 et dolore magna aliqua.", "video_image": 12, "video_link": "https://www.youtube.com/embed/ABG50xN532g", "content_published_date": "2020-12-02T17:19:04", "published": true, "created_on": "2020-12-02T17:21:44.711", "updated_on": "2020-12-02T17:21:44.721"}}, {"model": "home.video", "pk": 9, "fields": {"path": "000B", "depth": 1, "numchild": 0, "video_title": "Lorem ipsum dolor sit amet, consectetur adipisicing elit, sed do eiusmod tempor incididunt ut labore                 et dolore magna aliqua.", "video_image": 12, "video_link": "https://www.youtube.com/embed/ABG50xN532g", "content_published_date": "2020-12-02T17:19:04", "published": true, "created_on": "2020-12-02T17:21:44.750", "updated_on": "2020-12-02T17:21:44.769"}}, {"model": "home.video", "pk": 10, "fields": {"path": "000C", "depth": 1, "numchild": 0, "video_title": "Lorem ipsum dolor sit amet, consectetur adipisicing elit, sed do eiusmod tempor incididunt ut labore                 et dolore magna aliqua.", "video_image": 12, "video_link": "https://www.youtube.com/embed/ABG50xN532g", "content_published_date": "2020-12-02T17:19:04", "published": true, "created_on": "2020-12-02T17:21:44.784", "updated_on": "2020-12-02T17:21:44.794"}}, {"model": "home.video", "pk": 11, "fields": {"path": "000D", "depth": 1, "numchild": 0, "video_title": "Lorem ipsum dolor sit amet, consectetur adipisicing elit, sed do eiusmod tempor incididunt ut labore                 et dolore magna aliqua.", "video_image": 12, "video_link": "https://www.youtube.com/embed/ABG50xN532g", "content_published_date": "2020-12-02T17:19:04", "published": true, "created_on": "2020-12-02T17:21:44.815", "updated_on": "2020-12-02T17:21:44.827"}}, {"model": "home.book", "pk": 1, "fields": {"path": "0001", "depth": 1, "numchild": 0, "book_title": "Lifespan: Why We Age--And Why We Don't Have to", "book_image": 13, "book_link": "https://www.amazon.in/Lifespan-Why-Age-Dont-Have/dp/1797103296", "content_published_date": "2020-12-02T17:19:49", "published": true, "created_on": "2020-12-02T17:19:55.176", "updated_on": "2020-12-07T12:13:56.662"}}, {"model": "home.book", "pk": 2, "fields": {"path": "0002", "depth": 1, "numchild": 0, "book_title": "Sapiens: A Brief History of Humankind", "book_image": 14, "book_link": "https://www.amazon.in/Sapiens-Humankind-Yuval-Noah-Harari/dp/0099590085", "content_published_date": "2020-12-02T17:19:49", "published": true, "created_on": "2020-12-02T17:22:24.031", "updated_on": "2020-12-07T12:16:36.898"}}, {"model": "home.book", "pk": 3, "fields": {"path": "0003", "depth": 1, "numchild": 0, "book_title": "Out of Eden: The Peopling of the World", "book_image": 15, "book_link": "https://www.amazon.in/Out-Eden-Peopling-Stephen-Oppenheimer/dp/1841198943", "content_published_date": "2020-12-02T17:19:49", "published": true, "created_on": "2020-12-02T17:22:24.050", "updated_on": "2020-12-07T12:25:24.205"}}, {"model": "home.book", "pk": 4, "fields": {"path": "0004", "depth": 1, "numchild": 0, "book_title": "A Brief History of Time", "book_image": 16, "book_link": "https://www.amazon.in/Brief-History-Time-Stephen-Hawking/dp/0553380168", "content_published_date": "2019-12-02T17:19:49", "published": true, "created_on": "2020-12-02T17:22:24.071", "updated_on": "2020-12-07T12:26:29.511"}}, {"model": "home.book", "pk": 5, "fields": {"path": "0005", "depth": 1, "numchild": 0, "book_title": "Feynman Lectures On Computation", "book_image": 17, "book_link": "https://www.amazon.in/Feynman-Lectures-Computation-Richard-P/dp/1138329436/ref=sr_1_1_sspa?adgrpid=55706725101&dchild=1&ext_vrnc=hi&gclid=EAIaIQobChMIuMWjpKW77QIVwcqWCh1lHwfTEAAYASAAEgKj_fD_BwE&hvadid=356389623240&hvdev=c&hvlocphy=1007768&hvnetw=g&hvqmt=e&hvrand=3592140528616020440&hvtargid=kwd-300918344041&hydadcr=7487_1931443&keywords=feynman+lectures&qid=1607324212&s=books&sr=1-1-spons&tag=googinhydr1-21&psc=1&spLa=ZW5jcnlwdGVkUXVhbGlmaWVyPUEzOUozQzFaQ1ZGRFBWJmVuY3J5cHRlZElkPUEwNTA2NTAyMUpVMVk4SEUyNzlBSiZlbmNyeXB0ZWRBZElkPUEwMzU5MjY5MTg4OVZEN1ZRUjY0NiZ3aWRnZXROYW1lPXNwX2F0ZiZhY3Rpb249Y2xpY2tSZWRpcmVjdCZkb05vdExvZ0NsaWNrPXRydWU=", "content_published_date": "2020-12-02T17:19:49", "published": true, "created_on": "2020-12-02T17:22:24.101", "updated_on": "2020-12-07T12:27:33.254"}}, {"model": "home.book", "pk": 6, "fields": {"path": "0006", "depth": 1, "numchild": 0, "book_title": "How Emotions Are Made: The Secret Life of the Brain", "book_image": 18, "book_link": "https://www.amazon.in/How-Emotions-Are-Made-Secret/dp/0544133315#:~:text=Emotions%20feel%20automatic%2C%20like%20uncontrollable,things%20we%20think%20and%20experience.&text=Leading%20the%20charge%20is%20psychologist,it%20means%20to%20be%20human.", "content_published_date": "2020-12-02T17:19:49", "published": true, "created_on": "2020-12-02T17:22:24.130", "updated_on": "2020-12-07T12:28:43.848"}}, {"model": "home.book", "pk": 7, "fields": {"path": "0008", "depth": 1, "numchild": 0, "book_title": "Lorem ipsum dolor sit amet, consectetur adipisicing elit, sed do eiusmod tempor incididunt ut labore                 et dolore magna aliqua.", "book_image": 12, "book_link": "www.youtube.com", "content_published_date": "2020-12-02T17:19:49", "published": true, "created_on": "2020-12-02T17:22:24.154", "updated_on": "2020-12-02T17:22:24.163"}}, {"model": "home.book", "pk": 8, "fields": {"path": "0009", "depth": 1, "numchild": 0, "book_title": "Lorem ipsum dolor sit amet, consectetur adipisicing elit, sed do eiusmod tempor incididunt ut labore                 et dolore magna aliqua.", "book_image": 12, "book_link": "www.youtube.com", "content_published_date": "2020-12-02T17:19:49", "published": true, "created_on": "2020-12-02T17:22:24.181", "updated_on": "2020-12-02T17:22:24.190"}}, {"model": "home.book", "pk": 9, "fields": {"path": "000A", "depth": 1, "numchild": 0, "book_title": "Lorem ipsum dolor sit amet, consectetur adipisicing elit, sed do eiusmod tempor incididunt ut labore                 et dolore magna aliqua.", "book_image": 12, "book_link": "www.youtube.com", "content_published_date": "2020-12-02T17:19:49", "published": true, "created_on": "2020-12-02T17:22:24.204", "updated_on": "2020-12-02T17:22:24.212"}}, {"model": "home.book", "pk": 10, "fields": {"path": "000B", "depth": 1, "numchild": 0, "book_title": "Lorem ipsum dolor sit amet, consectetur adipisicing elit, sed do eiusmod tempor incididunt ut labore                 et dolore magna aliqua.", "book_image": 12, "book_link": "www.youtube.com", "content_published_date": "2020-12-02T17:19:49", "published": true, "created_on": "2020-12-02T17:22:24.224", "updated_on": "2020-12-02T17:22:24.232"}}, {"model": "home.book", "pk": 11, "fields": {"path": "000C", "depth": 1, "numchild": 0, "book_title": "Lorem ipsum dolor sit amet, consectetur adipisicing elit, sed do eiusmod tempor incididunt ut labore                 et dolore magna aliqua.", "book_image": 12, "book_link": "www.youtube.com", "content_published_date": "2020-12-02T17:19:49", "published": true, "created_on": "2020-12-02T17:22:24.248", "updated_on": "2020-12-02T17:22:24.256"}}, {"model": "home.book", "pk": 12, "fields": {"path": "000D", "depth": 1, "numchild": 0, "book_title": "21 Questions for 21st century", "book_image": 31, "book_link": "https://www.amazon.in/Lessons-21st-Century-Yuval-Harari/dp/1787330672", "content_published_date": "2020-12-13T13:31:53", "published": true, "created_on": "2020-12-13T13:31:59.952", "updated_on": "2020-12-13T13:31:59.957"}}, {"model": "home.gallery", "pk": 1, "fields": {"path": "0001", "depth": 1, "numchild": 0, "gallery_title": "Albert Einstein", "gallery_image": 22, "gallery_link": null, "content_published_date": "2020-12-09T21:20:44", "published": true, "created_on": "2020-12-09T21:20:47.941", "updated_on": "2020-12-09T21:20:47.965"}}, {"model": "home.gallery", "pk": 2, "fields": {"path": "0002", "depth": 1, "numchild": 0, "gallery_title": "Louie De Broglie", "gallery_image": 23, "gallery_link": null, "content_published_date": "2020-12-09T21:21:19", "published": true, "created_on": "2020-12-09T21:21:22.263", "updated_on": "2020-12-09T21:21:22.279"}}, {"model": "home.gallery", "pk": 3, "fields": {"path": "0003", "depth": 1, "numchild": 0, "gallery_title": "Carl Sagan 1", "gallery_image": 24, "gallery_link": null, "content_published_date": "2020-12-09T21:21:39", "published": true, "created_on": "2020-12-09T21:21:41.875", "updated_on": "2020-12-09T21:21:41.879"}}, {"model": "home.gallery", "pk": 4, "fields": {"path": "0004", "depth": 1, "numchild": 0, "gallery_title": "carl sagan 2", "gallery_image": 25, "gallery_link": null, "content_published_date": "2020-12-09T21:21:57", "published": true, "created_on": "2020-12-09T21:21:59.429", "updated_on": "2020-12-09T21:21:59.445"}}, {"model": "home.gallery", "pk": 5, "fields": {"path": "0005", "depth": 1, "numchild": 0, "gallery_title": "carl sagan 3", "gallery_image": 26, "gallery_link": null, "content_published_date": "2020-12-09T21:22:16", "published": true, "created_on": "2020-12-09T21:22:18.715", "updated_on": "2020-12-09T21:22:18.721"}}, {"model": "home.gallery", "pk": 6, "fields": {"path": "0006", "depth": 1, "numchild": 0, "gallery_title": "Albert 2", "gallery_image": 27, "gallery_link": null, "content_published_date": "2020-12-09T21:22:39", "published": true, "created_on": "2020-12-09T21:22:40.696", "updated_on": "2020-12-09T21:22:40.700"}}, {"model": "home.gallery", "pk": 7, "fields": {"path": "0007", "depth": 1, "numchild": 0, "gallery_title": "Feynman", "gallery_image": 28, "gallery_link": null, "content_published_date": "2020-12-09T21:22:55", "published": true, "created_on": "2020-12-09T21:22:57.372", "updated_on": "2020-12-09T21:22:57.384"}}, {"model": "home.gallery", "pk": 8, "fields": {"path": "0008", "depth": 1, "numchild": 0, "gallery_title": "De Broglie 2", "gallery_image": 29, "gallery_link": null, "content_published_date": "2020-12-09T21:23:11", "published": true, "created_on": "2020-12-09T21:23:13.048", "updated_on": "2020-12-09T21:23:13.056"}}, {"model": "home.gallery", "pk": 9, "fields": {"path": "0009", "depth": 1, "numchild": 0, "gallery_title": "Richard Feynman", "gallery_image": 30, "gallery_link": null, "content_published_date": "2020-12-09T21:23:33", "published": true, "created_on": "2020-12-09T21:23:35.557", "updated_on": "2020-12-09T21:23:35.564"}}, {"model": "home.gallery", "pk": 10, "fields": {"path": "000A", "depth": 1, "numchild": 0, "gallery_title": "Stephen Hawking quote 2", "gallery_image": 32, "gallery_link": null, "content_published_date": "2020-12-13T13:34:43", "published": true, "created_on": "2020-12-13T13:35:00.304", "updated_on": "2020-12-13T13:35:00.311"}}, {"model": "blog.blogcategory", "pk": 1, "fields": {"path": "0001", "depth": 1, "numchild": 0, "category": "Artificial Intelligence", "created_on": "2020-11-10T10:54:49.381", "updated_on": "2020-12-20T12:55:50.846", "published": true}}, {"model": "blog.blogcategory", "pk": 2, "fields": {"path": "0004", "depth": 1, "numchild": 0, "category": "BlockChain", "created_on": "2020-11-10T10:54:55.571", "updated_on": "2020-11-30T22:16:28.639", "published": true}}, {"model": "blog.blogcategory", "pk": 3, "fields": {"path": "0005", "depth": 1, "numchild": 0, "category": "Geo Politics", "created_on": "2020-11-10T10:55:06.780", "updated_on": "2020-11-30T22:16:39.408", "published": true}}, {"model": "blog.blogcategory", "pk": 4, "fields": {"path": "0006", "depth": 1, "numchild": 0, "category": "Genetics", "created_on": "2020-11-10T10:55:12.604", "updated_on": "2020-11-30T22:16:58.872", "published": true}}, {"model": "blog.blogcategory", "pk": 5, "fields": {"path": "0007", "depth": 1, "numchild": 0, "category": "Quantum Computing", "created_on": "2020-11-10T10:55:17.007", "updated_on": "2020-11-30T22:17:39.708", "published": true}}, {"model": "blog.blogcategory", "pk": 6, "fields": {"path": "0002", "depth": 1, "numchild": 0, "category": "Deeplearning", "created_on": "2020-12-13T13:21:51.006", "updated_on": "2020-12-20T12:55:46.235", "published": true}}, {"model": "blog.blogtopic", "pk": 2, "fields": {"path": "0001", "depth": 1, "numchild": 0, "blog_category": 1, "topic": "Computer Vision", "created_on": "2020-11-10T10:56:48.561", "updated_on": "2020-12-13T13:23:23.247", "published": true}}, {"model": "blog.blogtopic", "pk": 3, "fields": {"path": "0002", "depth": 1, "numchild": 0, "blog_category": 1, "topic": "Advanced", "created_on": "2020-11-10T10:57:04.498", "updated_on": "2020-11-30T22:27:42.809", "published": true}}, {"model": "blog.blogtopic", "pk": 4, "fields": {"path": "0003", "depth": 1, "numchild": 0, "blog_category": 2, "topic": "Distributed ledger", "created_on": "2020-11-10T10:57:10.342", "updated_on": "2020-11-30T22:27:57.570", "published": true}}, {"model": "blog.blogtopic", "pk": 5, "fields": {"path": "0004", "depth": 1, "numchild": 0, "blog_category": 2, "topic": "Cryptocurrency", "created_on": "2020-11-10T10:57:17.379", "updated_on": "2020-11-30T22:28:07.746", "published": true}}, {"model": "blog.blogtopic", "pk": 6, "fields": {"path": "0005", "depth": 1, "numchild": 0, "blog_category": 3, "topic": "india", "created_on": "2020-11-10T10:57:24.915", "updated_on": "2020-11-30T22:28:15.400", "published": true}}, {"model": "blog.blogtopic", "pk": 7, "fields": {"path": "0006", "depth": 1, "numchild": 0, "blog_category": 3, "topic": "Middle East", "created_on": "2020-11-10T10:57:31.805", "updated_on": "2020-11-30T22:28:22.595", "published": true}}, {"model": "blog.blogtopic", "pk": 8, "fields": {"path": "0007", "depth": 1, "numchild": 0, "blog_category": 4, "topic": "Gene Therapy", "created_on": "2020-11-10T10:57:37.139", "updated_on": "2020-11-30T22:28:42.356", "published": true}}, {"model": "blog.blogtopic", "pk": 9, "fields": {"path": "0008", "depth": 1, "numchild": 0, "blog_category": 4, "topic": "Mutations", "created_on": "2020-11-10T10:57:41.731", "updated_on": "2020-11-30T22:28:49.532", "published": true}}, {"model": "blog.blogtopic", "pk": 10, "fields": {"path": "0009", "depth": 1, "numchild": 0, "blog_category": 5, "topic": "Q Bit", "created_on": "2020-11-10T10:57:58.171", "updated_on": "2020-11-30T22:28:57.144", "published": true}}, {"model": "blog.blogtopic", "pk": 11, "fields": {"path": "000A", "depth": 1, "numchild": 0, "blog_category": 5, "topic": "Quantum Mechanics", "created_on": "2020-11-10T10:58:05.064", "updated_on": "2020-11-30T22:29:05.297", "published": true}}, {"model": "blog.blogs", "pk": 1, "fields": {"path": "0001", "depth": 1, "numchild": 0, "blog_topic": 10, "blog_title": "Quantum Computing - Part 1", "slug": "quantum-computing-part-1", "blog_short_description": "In classical computing information is encoded as the electrical state of nano scaled transistors as shown in diagram (left), it's made up of silicon and dopants.", "blog_content": "<section data-redirect-url=\"https://www.linkedin.com/login?session_redirect=https%3A%2F%2Fwww%2Elinkedin%2Ecom%2Fpulse%2Fquantum-computing-part-1-santosh-kumar\">\r\n<blockquote>&quot;Quantum computers will complement and not compete with classical computer&quot;</blockquote>\r\n\r\n<p><u>Difference between Quantum Computing and Classical Computing:</u></p>\r\n\r\n<p><img alt=\"No alt text provided for this image\" data-media-urn=\"\" src=\"https://media-exp1.licdn.com/dms/image/C5612AQErSwt0algHUg/article-inline_image-shrink_1000_1488/0/1593883919023?e=1612396800&amp;v=beta&amp;t=Szz-PEonada4tnNKKqJzsIao2V6qOIrQsaINl43og0g\" /></p>\r\n\r\n<p>In classical computing information is encoded as the electrical state of nano scaled transistors as shown in diagram (left), it&#39;s made up of silicon and dopants. The information is encoded in binary mode as 0&nbsp;<strong><u>or</u></strong>&nbsp;1 i.e. classical BITs, corresponding to lower and higher voltages. We conduct logical operations by having state of transistors switch on or off, depending on state of another transistor (Gate).</p>\r\n\r\n<p>&nbsp;</p>\r\n\r\n<p><img alt=\"No alt text provided for this image\" data-media-urn=\"\" src=\"https://media-exp1.licdn.com/dms/image/C4D12AQERpCwJwQzvYA/article-inline_image-shrink_1000_1488/0/1593701603407?e=1612396800&amp;v=beta&amp;t=TkOQseHrQVMKcA3wD1Gl8MIU2ypOZbX_rT8szW0PcV8\" /></p>\r\n\r\n<p>Quantum Computers retains binary logic used in classical computing, and is also based on 0 and 1, but 0s and 1s are not high or low voltage of a transistor, but they are one of two simultaneous quantum states of a suitable quantum objects, those are represented as QUBITs. Simplest quantum object can be an electron that can jump between two atoms e.g. dopant atom in silicon.</p>\r\n\r\n<p><u>Note:</u>&nbsp;Dopant here can be phosphorus&nbsp;(P), arsenic (As), or&nbsp;antimony&nbsp;(Sb)&nbsp;as n-type dopants in silicon.</p>\r\n\r\n<p>In one Qubit its 0&nbsp;<strong><u>and</u></strong>&nbsp;1 both at same time, until the measurement is done. One measurement is done value of qubit equals the&nbsp;square&nbsp;of the corresponding&nbsp;amplitude of 0 or 1 as shown below:</p>\r\n\r\n<p><img alt=\"No alt text provided for this image\" data-media-urn=\"\" src=\"https://media-exp1.licdn.com/dms/image/C4E12AQHkhXtk-L4I-A/article-inline_image-shrink_1000_1488/0/1593702060527?e=1612396800&amp;v=beta&amp;t=aPAlH2zTKDdlmflwXYgzYKFrhYmzpQO0YLqYWRhYkcY\" /></p>\r\n\r\n<p>In above its a quantum state of Qubit is 0 and 1 at the same time and when measure square of amplitude is 1/2, so chance of it be either 0 or 1 is 50%.</p>\r\n\r\n<blockquote>Richard Feynman put it in memorable words: &ldquo;Nature isn&#39;t classical, dammit, and if you want to make a simulation of nature, you&#39;d better make it quantum mechanical, and by golly it&#39;s a wonderful problem, because it doesn&#39;t look so easy.&rdquo;</blockquote>\r\n\r\n<p>Recommended topic to understand quantum computing:</p>\r\n\r\n<ul>\r\n\t<li>Basics of Quantum Physics</li>\r\n\t<li>Standard Model</li>\r\n\t<li>Double slit experiment.</li>\r\n</ul>\r\n</section>", "content_published_date": "2020-11-10T11:04:07", "blog_image": 11, "blog_big_image": 10, "blog_author": "Santosh kumar", "search_friendly": "", "featured": true, "published": true, "created_on": "2020-11-10T11:07:51.233", "updated_on": "2020-12-20T13:12:54.004"}}, {"model": "blog.blogs", "pk": 3, "fields": {"path": "0002", "depth": 1, "numchild": 0, "blog_topic": 3, "blog_title": "Lorem ipsum dolor sit amet, consectetur adipiscing elit Phasellu2", "slug": "lorem-ipsum-dolor-sit-amet-consectetur-adipiscing-elit-phasellu2", "blog_short_description": "Consectetur adipiscing elit, sed do eiusmod tempor incididunt ut labore et dolore magna aliqua. Ut enim ad minim veniam, quis nostrud exercitation ullamco laboris nisi ut aliquip ex ea commodo consequat.", "blog_content": "<p>With self-quarantining taking a toll on individuals and businesses around the world, many are\r\n                        eagerly waiting for life to get back to as normal as things were before the virus started. The\r\n                        outbreak of COVID-19 has proven things that were once considered impossible are now being\r\n                        practiced excessively but with some challenges and caveats. With several countries gradually\r\n                        easing their isolation restrictions, the exercise of working from home is being shifted back to\r\n                        working from conventional offices with additional precautionary measures. This involves the\r\n                        transformation of traditional workplaces into an environment that is safe, hygienic, and caters\r\n                        to mental health needs. In order to make your workplace more safe and healthy, it is important\r\n                        to adhere to the guidelines essayed by organizations such as national Center for Disease Control\r\n                        (CDC), The American Society of Heating, Refrigeration and Air-conditioning Engineers (ASHRAE),\r\n                        and Indian Society of Heating, Refrigerating & Air (ISHRAE) to control transmission of airborne\r\n                        particles and ensure a safe, healthy workplace. Some precautionary measures that can help ensure\r\n                        optimal workplace safety and employee well-being as you open the doors to your offices include,\r\n                        but aren\u2019t limited to:</p>\r\n                     <h4>Here are five reasons why its important to increase ventilation in buildings: -</h4>\r\n                     <ul>\r\n                        <li>Since COVID-19 is an airborne virus, diluting the pathogens inside the building can reduce\r\n                           the risk of its transmission. It is, therefore, recommended to ensure good airflow and\r\n                           ventilation rates through the installation of an air quality control system.</li>\r\n                        <li>Trapping of stale air enhances the risk of virus indoors. Hence, high priority should be\r\n                           given to a well-designed and effective ventilation system when it comes to building a space\r\n                           that ensures the flow of clean and fresh air.</li>\r\n                        <li>The risks of getting infected with COVID-19 can increase in winters as it is a season when\r\n                           we spend most of our time indoors. Hence, in order to curtail the spread of infection, it is\r\n                           vital to consider indoor air quality diagnostics and ventilate the building effectively.</li>\r\n                        <li>A buildings ventilation system should be checked at regular intervals to ensure there is\r\n                           enough airflow to dilute the virus in the inside air. One way to fulfil this is by\r\n                           ventilating the building for long or opting for ventilation with higher airflow\r\n                           volumes.&nbsp;</li>\r\n                        <li>\r\n                           Poor indoor air quality is not only responsible for increasing the risk of COVID-19 but also\r\n                           causes various respiratory problems. A <a\r\n                              href=\"https://www.rcpch.ac.uk/news-events/news/growing-evidence-linking-indoor-air-pollution-respiratory-problems-children\">joint\r\n                              report</a> by the Royal College of Paediatrics and Child Health (RCPCH) and the Royal\r\n                           College of Physicians show that there is growing evidence that respiratory issues among\r\n                           children may be outcomes of bad air quality in homes, schools, or nurseries. <a\r\n                              href=\"https://www.rcpch.ac.uk/news-events/news/growing-evidence-linking-indoor-air-pollution-respiratory-problems-children\">This\r\n                              landmark report,</a> involving a systematic review of 221 studies, present evidences that\r\n                           number of child health problems including asthma, conjunctivitis, wheezing, dermatitis, and\r\n                           eczema are the result of poor indoor air quality. Within the report, the sources of indoor\r\n                           air pollution are cited as smoking, dampness, burning of fossil fuels, the presence of dust\r\n                           particles, chemicals from building materials, furnishings, and so on.&nbsp;\r\n                           <p>&nbsp;</p>\r\n                        </li>\r\n                     </ul>\r\n                     <h4>Ventilation guidelines in COVID</h4>\r\n                     <p>In order to ensure the flow of clean air and maintain the thermal health of buildings, the\r\n                        Indian Society of Heating, Refrigerating, and Air Conditioning has come up with some guidelines\r\n                        that need to be followed at homes, offices, and hospitals. These guidelines include:&nbsp;</p>\r\n                     <ul>\r\n                        <li>Ensuring the thermal comfort of buildings by insulating the building properly</li>\r\n                        <li>Maintaining humidity levels between 40% and 60%</li>\r\n                        <li>Providing a high rate of airflow</li>\r\n                        <li>Reducing the building&rsquo;s temperature through passive design upgrades</li>\r\n                     </ul>\r\n                     <p>According to professionals and experts, terminating the use of air conditioners to prevent the\r\n                        spread of COVID-19 infection is not a long-term solution, and improving the ventilation system\r\n                        should be emphasized more. Most offices don&rsquo;t prefer air conditioners that allow the\r\n                        intake of fresh air as they increase the cost of running. However, in the current circumstances,\r\n                        clean and fresh air is one of the most important things that we need. As per experts, air\r\n                        conditioners should be run at 24 &ndash; 27 degrees to maintain the thermal health of buildings.\r\n                        Moreover, the air ducts of the ventilation system should also be cleaned at regular intervals to\r\n                        make sure that clean air circulates inside the building.&nbsp;</p>\r\n                     <p>What should the new and existing buildings do to ensure adequate ventilation?</p>\r\n                     <p>As the COVID-19 infection spreads at a rapid pace, new buildings should invest more in passive\r\n                        design upgrades and retrofits that can help in improving shading, insulation, and ventilation.\r\n                        New buildings should also keep ventilation for each room in primary focus along with the\r\n                        increased usage of technologies like H-13 certified filters, capable of processing particles up\r\n                        to 0.003 microns. In order to improve the thermal health of buildings, the overall heat load\r\n                        needs to be reduced. This can be done through the installation of rooftop solar panels or\r\n                        vertical gardens. In the case of older buildings devoid of any heating or ventilation systems,\r\n                        they should simply open windows to let in the outdoor air.</p>\r\n                     <p>It is therefore,&nbsp; important to realize that while recirculating air has become the default\r\n                        in our buildings, ventilating with outdoor air is vital in diluting the airborne contaminants\r\n                        and decreasing the transmission of infection. Hence, it wouldn&rsquo;t be wrong to say that in\r\n                        addition to everyday precautions taken by individuals, the building owners, managers, and\r\n                        employers have a vital role to play in creating a safe environment for themselves and other\r\n                        inhabitants.</p>", "content_published_date": "2020-11-10T11:13:03", "blog_image": 7, "blog_big_image": null, "blog_author": null, "search_friendly": "", "featured": true, "published": true, "created_on": "2020-11-10T11:13:13.727", "updated_on": "2020-11-10T11:13:13.730"}}, {"model": "blog.blogs", "pk": 4, "fields": {"path": "0003", "depth": 1, "numchild": 0, "blog_topic": 2, "blog_title": "Lorem ipsum dolor sit amet, consectetur adipiscing elit Phasellu3", "slug": "lorem-ipsum-dolor-sit-amet-consectetur-adipiscing-elit-phasellu3", "blog_short_description": "Consectetur adipiscing elit, sed do eiusmod tempor incididunt ut labore et dolore magna aliqua. Ut enim ad minim veniam, quis nostrud exercitation ullamco laboris nisi ut aliquip ex ea commodo consequat.", "blog_content": "<p>With self-quarantining taking a toll on individuals and businesses around the world, many are\r\n                        eagerly waiting for life to get back to as normal as things were before the virus started. The\r\n                        outbreak of COVID-19 has proven things that were once considered impossible are now being\r\n                        practiced excessively but with some challenges and caveats. With several countries gradually\r\n                        easing their isolation restrictions, the exercise of working from home is being shifted back to\r\n                        working from conventional offices with additional precautionary measures. This involves the\r\n                        transformation of traditional workplaces into an environment that is safe, hygienic, and caters\r\n                        to mental health needs. In order to make your workplace more safe and healthy, it is important\r\n                        to adhere to the guidelines essayed by organizations such as national Center for Disease Control\r\n                        (CDC), The American Society of Heating, Refrigeration and Air-conditioning Engineers (ASHRAE),\r\n                        and Indian Society of Heating, Refrigerating & Air (ISHRAE) to control transmission of airborne\r\n                        particles and ensure a safe, healthy workplace. Some precautionary measures that can help ensure\r\n                        optimal workplace safety and employee well-being as you open the doors to your offices include,\r\n                        but aren\u2019t limited to:</p>\r\n                     <h4>Here are five reasons why its important to increase ventilation in buildings: -</h4>\r\n                     <ul>\r\n                        <li>Since COVID-19 is an airborne virus, diluting the pathogens inside the building can reduce\r\n                           the risk of its transmission. It is, therefore, recommended to ensure good airflow and\r\n                           ventilation rates through the installation of an air quality control system.</li>\r\n                        <li>Trapping of stale air enhances the risk of virus indoors. Hence, high priority should be\r\n                           given to a well-designed and effective ventilation system when it comes to building a space\r\n                           that ensures the flow of clean and fresh air.</li>\r\n                        <li>The risks of getting infected with COVID-19 can increase in winters as it is a season when\r\n                           we spend most of our time indoors. Hence, in order to curtail the spread of infection, it is\r\n                           vital to consider indoor air quality diagnostics and ventilate the building effectively.</li>\r\n                        <li>A buildings ventilation system should be checked at regular intervals to ensure there is\r\n                           enough airflow to dilute the virus in the inside air. One way to fulfil this is by\r\n                           ventilating the building for long or opting for ventilation with higher airflow\r\n                           volumes.&nbsp;</li>\r\n                        <li>\r\n                           Poor indoor air quality is not only responsible for increasing the risk of COVID-19 but also\r\n                           causes various respiratory problems. A <a\r\n                              href=\"https://www.rcpch.ac.uk/news-events/news/growing-evidence-linking-indoor-air-pollution-respiratory-problems-children\">joint\r\n                              report</a> by the Royal College of Paediatrics and Child Health (RCPCH) and the Royal\r\n                           College of Physicians show that there is growing evidence that respiratory issues among\r\n                           children may be outcomes of bad air quality in homes, schools, or nurseries. <a\r\n                              href=\"https://www.rcpch.ac.uk/news-events/news/growing-evidence-linking-indoor-air-pollution-respiratory-problems-children\">This\r\n                              landmark report,</a> involving a systematic review of 221 studies, present evidences that\r\n                           number of child health problems including asthma, conjunctivitis, wheezing, dermatitis, and\r\n                           eczema are the result of poor indoor air quality. Within the report, the sources of indoor\r\n                           air pollution are cited as smoking, dampness, burning of fossil fuels, the presence of dust\r\n                           particles, chemicals from building materials, furnishings, and so on.&nbsp;\r\n                           <p>&nbsp;</p>\r\n                        </li>\r\n                     </ul>\r\n                     <h4>Ventilation guidelines in COVID</h4>\r\n                     <p>In order to ensure the flow of clean air and maintain the thermal health of buildings, the\r\n                        Indian Society of Heating, Refrigerating, and Air Conditioning has come up with some guidelines\r\n                        that need to be followed at homes, offices, and hospitals. These guidelines include:&nbsp;</p>\r\n                     <ul>\r\n                        <li>Ensuring the thermal comfort of buildings by insulating the building properly</li>\r\n                        <li>Maintaining humidity levels between 40% and 60%</li>\r\n                        <li>Providing a high rate of airflow</li>\r\n                        <li>Reducing the building&rsquo;s temperature through passive design upgrades</li>\r\n                     </ul>\r\n                     <p>According to professionals and experts, terminating the use of air conditioners to prevent the\r\n                        spread of COVID-19 infection is not a long-term solution, and improving the ventilation system\r\n                        should be emphasized more. Most offices don&rsquo;t prefer air conditioners that allow the\r\n                        intake of fresh air as they increase the cost of running. However, in the current circumstances,\r\n                        clean and fresh air is one of the most important things that we need. As per experts, air\r\n                        conditioners should be run at 24 &ndash; 27 degrees to maintain the thermal health of buildings.\r\n                        Moreover, the air ducts of the ventilation system should also be cleaned at regular intervals to\r\n                        make sure that clean air circulates inside the building.&nbsp;</p>\r\n                     <p>What should the new and existing buildings do to ensure adequate ventilation?</p>\r\n                     <p>As the COVID-19 infection spreads at a rapid pace, new buildings should invest more in passive\r\n                        design upgrades and retrofits that can help in improving shading, insulation, and ventilation.\r\n                        New buildings should also keep ventilation for each room in primary focus along with the\r\n                        increased usage of technologies like H-13 certified filters, capable of processing particles up\r\n                        to 0.003 microns. In order to improve the thermal health of buildings, the overall heat load\r\n                        needs to be reduced. This can be done through the installation of rooftop solar panels or\r\n                        vertical gardens. In the case of older buildings devoid of any heating or ventilation systems,\r\n                        they should simply open windows to let in the outdoor air.</p>\r\n                     <p>It is therefore,&nbsp; important to realize that while recirculating air has become the default\r\n                        in our buildings, ventilating with outdoor air is vital in diluting the airborne contaminants\r\n                        and decreasing the transmission of infection. Hence, it wouldn&rsquo;t be wrong to say that in\r\n                        addition to everyday precautions taken by individuals, the building owners, managers, and\r\n                        employers have a vital role to play in creating a safe environment for themselves and other\r\n                        inhabitants.</p>", "content_published_date": "2020-11-10T11:13:31", "blog_image": 8, "blog_big_image": null, "blog_author": null, "search_friendly": "", "featured": true, "published": true, "created_on": "2020-11-10T11:13:36.269", "updated_on": "2020-11-10T11:13:36.272"}}, {"model": "blog.blogs", "pk": 5, "fields": {"path": "0004", "depth": 1, "numchild": 0, "blog_topic": 3, "blog_title": "Lorem ipsum dolor sit amet, consectetur adipiscing elit Phasellu4", "slug": "lorem-ipsum-dolor-sit-amet-consectetur-adipiscing-elit-phasellu4", "blog_short_description": "Consectetur adipiscing elit, sed do eiusmod tempor incididunt ut labore et dolore magna aliqua. Ut enim ad minim veniam, quis nostrud exercitation ullamco laboris nisi ut aliquip ex ea commodo consequat.", "blog_content": "<p>With self-quarantining taking a toll on individuals and businesses around the world, many are\r\n                        eagerly waiting for life to get back to as normal as things were before the virus started. The\r\n                        outbreak of COVID-19 has proven things that were once considered impossible are now being\r\n                        practiced excessively but with some challenges and caveats. With several countries gradually\r\n                        easing their isolation restrictions, the exercise of working from home is being shifted back to\r\n                        working from conventional offices with additional precautionary measures. This involves the\r\n                        transformation of traditional workplaces into an environment that is safe, hygienic, and caters\r\n                        to mental health needs. In order to make your workplace more safe and healthy, it is important\r\n                        to adhere to the guidelines essayed by organizations such as national Center for Disease Control\r\n                        (CDC), The American Society of Heating, Refrigeration and Air-conditioning Engineers (ASHRAE),\r\n                        and Indian Society of Heating, Refrigerating & Air (ISHRAE) to control transmission of airborne\r\n                        particles and ensure a safe, healthy workplace. Some precautionary measures that can help ensure\r\n                        optimal workplace safety and employee well-being as you open the doors to your offices include,\r\n                        but aren\u2019t limited to:</p>\r\n                     <h4>Here are five reasons why its important to increase ventilation in buildings: -</h4>\r\n                     <ul>\r\n                        <li>Since COVID-19 is an airborne virus, diluting the pathogens inside the building can reduce\r\n                           the risk of its transmission. It is, therefore, recommended to ensure good airflow and\r\n                           ventilation rates through the installation of an air quality control system.</li>\r\n                        <li>Trapping of stale air enhances the risk of virus indoors. Hence, high priority should be\r\n                           given to a well-designed and effective ventilation system when it comes to building a space\r\n                           that ensures the flow of clean and fresh air.</li>\r\n                        <li>The risks of getting infected with COVID-19 can increase in winters as it is a season when\r\n                           we spend most of our time indoors. Hence, in order to curtail the spread of infection, it is\r\n                           vital to consider indoor air quality diagnostics and ventilate the building effectively.</li>\r\n                        <li>A buildings ventilation system should be checked at regular intervals to ensure there is\r\n                           enough airflow to dilute the virus in the inside air. One way to fulfil this is by\r\n                           ventilating the building for long or opting for ventilation with higher airflow\r\n                           volumes.&nbsp;</li>\r\n                        <li>\r\n                           Poor indoor air quality is not only responsible for increasing the risk of COVID-19 but also\r\n                           causes various respiratory problems. A <a\r\n                              href=\"https://www.rcpch.ac.uk/news-events/news/growing-evidence-linking-indoor-air-pollution-respiratory-problems-children\">joint\r\n                              report</a> by the Royal College of Paediatrics and Child Health (RCPCH) and the Royal\r\n                           College of Physicians show that there is growing evidence that respiratory issues among\r\n                           children may be outcomes of bad air quality in homes, schools, or nurseries. <a\r\n                              href=\"https://www.rcpch.ac.uk/news-events/news/growing-evidence-linking-indoor-air-pollution-respiratory-problems-children\">This\r\n                              landmark report,</a> involving a systematic review of 221 studies, present evidences that\r\n                           number of child health problems including asthma, conjunctivitis, wheezing, dermatitis, and\r\n                           eczema are the result of poor indoor air quality. Within the report, the sources of indoor\r\n                           air pollution are cited as smoking, dampness, burning of fossil fuels, the presence of dust\r\n                           particles, chemicals from building materials, furnishings, and so on.&nbsp;\r\n                           <p>&nbsp;</p>\r\n                        </li>\r\n                     </ul>\r\n                     <h4>Ventilation guidelines in COVID</h4>\r\n                     <p>In order to ensure the flow of clean air and maintain the thermal health of buildings, the\r\n                        Indian Society of Heating, Refrigerating, and Air Conditioning has come up with some guidelines\r\n                        that need to be followed at homes, offices, and hospitals. These guidelines include:&nbsp;</p>\r\n                     <ul>\r\n                        <li>Ensuring the thermal comfort of buildings by insulating the building properly</li>\r\n                        <li>Maintaining humidity levels between 40% and 60%</li>\r\n                        <li>Providing a high rate of airflow</li>\r\n                        <li>Reducing the building&rsquo;s temperature through passive design upgrades</li>\r\n                     </ul>\r\n                     <p>According to professionals and experts, terminating the use of air conditioners to prevent the\r\n                        spread of COVID-19 infection is not a long-term solution, and improving the ventilation system\r\n                        should be emphasized more. Most offices don&rsquo;t prefer air conditioners that allow the\r\n                        intake of fresh air as they increase the cost of running. However, in the current circumstances,\r\n                        clean and fresh air is one of the most important things that we need. As per experts, air\r\n                        conditioners should be run at 24 &ndash; 27 degrees to maintain the thermal health of buildings.\r\n                        Moreover, the air ducts of the ventilation system should also be cleaned at regular intervals to\r\n                        make sure that clean air circulates inside the building.&nbsp;</p>\r\n                     <p>What should the new and existing buildings do to ensure adequate ventilation?</p>\r\n                     <p>As the COVID-19 infection spreads at a rapid pace, new buildings should invest more in passive\r\n                        design upgrades and retrofits that can help in improving shading, insulation, and ventilation.\r\n                        New buildings should also keep ventilation for each room in primary focus along with the\r\n                        increased usage of technologies like H-13 certified filters, capable of processing particles up\r\n                        to 0.003 microns. In order to improve the thermal health of buildings, the overall heat load\r\n                        needs to be reduced. This can be done through the installation of rooftop solar panels or\r\n                        vertical gardens. In the case of older buildings devoid of any heating or ventilation systems,\r\n                        they should simply open windows to let in the outdoor air.</p>\r\n                     <p>It is therefore,&nbsp; important to realize that while recirculating air has become the default\r\n                        in our buildings, ventilating with outdoor air is vital in diluting the airborne contaminants\r\n                        and decreasing the transmission of infection. Hence, it wouldn&rsquo;t be wrong to say that in\r\n                        addition to everyday precautions taken by individuals, the building owners, managers, and\r\n                        employers have a vital role to play in creating a safe environment for themselves and other\r\n                        inhabitants.</p>", "content_published_date": "2020-11-10T11:13:55", "blog_image": 9, "blog_big_image": null, "blog_author": null, "search_friendly": "", "featured": true, "published": true, "created_on": "2020-11-10T11:14:00.924", "updated_on": "2020-11-10T11:14:00.927"}}, {"model": "blog.blogs", "pk": 6, "fields": {"path": "0005", "depth": 1, "numchild": 0, "blog_topic": 4, "blog_title": "Lorem ipsum dolor sit amet, consectetur adipiscing elit Phasellu5", "slug": "lorem-ipsum-dolor-sit-amet-consectetur-adipiscing-elit-phasellu5", "blog_short_description": "Consectetur adipiscing elit, sed do eiusmod tempor incididunt ut labore et dolore magna aliqua. Ut enim ad minim veniam, quis nostrud exercitation ullamco laboris nisi ut aliquip ex ea commodo consequat.", "blog_content": "<p>With self-quarantining taking a toll on individuals and businesses around the world, many are\r\n                        eagerly waiting for life to get back to as normal as things were before the virus started. The\r\n                        outbreak of COVID-19 has proven things that were once considered impossible are now being\r\n                        practiced excessively but with some challenges and caveats. With several countries gradually\r\n                        easing their isolation restrictions, the exercise of working from home is being shifted back to\r\n                        working from conventional offices with additional precautionary measures. This involves the\r\n                        transformation of traditional workplaces into an environment that is safe, hygienic, and caters\r\n                        to mental health needs. In order to make your workplace more safe and healthy, it is important\r\n                        to adhere to the guidelines essayed by organizations such as national Center for Disease Control\r\n                        (CDC), The American Society of Heating, Refrigeration and Air-conditioning Engineers (ASHRAE),\r\n                        and Indian Society of Heating, Refrigerating & Air (ISHRAE) to control transmission of airborne\r\n                        particles and ensure a safe, healthy workplace. Some precautionary measures that can help ensure\r\n                        optimal workplace safety and employee well-being as you open the doors to your offices include,\r\n                        but aren\u2019t limited to:</p>\r\n                     <h4>Here are five reasons why its important to increase ventilation in buildings: -</h4>\r\n                     <ul>\r\n                        <li>Since COVID-19 is an airborne virus, diluting the pathogens inside the building can reduce\r\n                           the risk of its transmission. It is, therefore, recommended to ensure good airflow and\r\n                           ventilation rates through the installation of an air quality control system.</li>\r\n                        <li>Trapping of stale air enhances the risk of virus indoors. Hence, high priority should be\r\n                           given to a well-designed and effective ventilation system when it comes to building a space\r\n                           that ensures the flow of clean and fresh air.</li>\r\n                        <li>The risks of getting infected with COVID-19 can increase in winters as it is a season when\r\n                           we spend most of our time indoors. Hence, in order to curtail the spread of infection, it is\r\n                           vital to consider indoor air quality diagnostics and ventilate the building effectively.</li>\r\n                        <li>A buildings ventilation system should be checked at regular intervals to ensure there is\r\n                           enough airflow to dilute the virus in the inside air. One way to fulfil this is by\r\n                           ventilating the building for long or opting for ventilation with higher airflow\r\n                           volumes.&nbsp;</li>\r\n                        <li>\r\n                           Poor indoor air quality is not only responsible for increasing the risk of COVID-19 but also\r\n                           causes various respiratory problems. A <a\r\n                              href=\"https://www.rcpch.ac.uk/news-events/news/growing-evidence-linking-indoor-air-pollution-respiratory-problems-children\">joint\r\n                              report</a> by the Royal College of Paediatrics and Child Health (RCPCH) and the Royal\r\n                           College of Physicians show that there is growing evidence that respiratory issues among\r\n                           children may be outcomes of bad air quality in homes, schools, or nurseries. <a\r\n                              href=\"https://www.rcpch.ac.uk/news-events/news/growing-evidence-linking-indoor-air-pollution-respiratory-problems-children\">This\r\n                              landmark report,</a> involving a systematic review of 221 studies, present evidences that\r\n                           number of child health problems including asthma, conjunctivitis, wheezing, dermatitis, and\r\n                           eczema are the result of poor indoor air quality. Within the report, the sources of indoor\r\n                           air pollution are cited as smoking, dampness, burning of fossil fuels, the presence of dust\r\n                           particles, chemicals from building materials, furnishings, and so on.&nbsp;\r\n                           <p>&nbsp;</p>\r\n                        </li>\r\n                     </ul>\r\n                     <h4>Ventilation guidelines in COVID</h4>\r\n                     <p>In order to ensure the flow of clean air and maintain the thermal health of buildings, the\r\n                        Indian Society of Heating, Refrigerating, and Air Conditioning has come up with some guidelines\r\n                        that need to be followed at homes, offices, and hospitals. These guidelines include:&nbsp;</p>\r\n                     <ul>\r\n                        <li>Ensuring the thermal comfort of buildings by insulating the building properly</li>\r\n                        <li>Maintaining humidity levels between 40% and 60%</li>\r\n                        <li>Providing a high rate of airflow</li>\r\n                        <li>Reducing the building&rsquo;s temperature through passive design upgrades</li>\r\n                     </ul>\r\n                     <p>According to professionals and experts, terminating the use of air conditioners to prevent the\r\n                        spread of COVID-19 infection is not a long-term solution, and improving the ventilation system\r\n                        should be emphasized more. Most offices don&rsquo;t prefer air conditioners that allow the\r\n                        intake of fresh air as they increase the cost of running. However, in the current circumstances,\r\n                        clean and fresh air is one of the most important things that we need. As per experts, air\r\n                        conditioners should be run at 24 &ndash; 27 degrees to maintain the thermal health of buildings.\r\n                        Moreover, the air ducts of the ventilation system should also be cleaned at regular intervals to\r\n                        make sure that clean air circulates inside the building.&nbsp;</p>\r\n                     <p>What should the new and existing buildings do to ensure adequate ventilation?</p>\r\n                     <p>As the COVID-19 infection spreads at a rapid pace, new buildings should invest more in passive\r\n                        design upgrades and retrofits that can help in improving shading, insulation, and ventilation.\r\n                        New buildings should also keep ventilation for each room in primary focus along with the\r\n                        increased usage of technologies like H-13 certified filters, capable of processing particles up\r\n                        to 0.003 microns. In order to improve the thermal health of buildings, the overall heat load\r\n                        needs to be reduced. This can be done through the installation of rooftop solar panels or\r\n                        vertical gardens. In the case of older buildings devoid of any heating or ventilation systems,\r\n                        they should simply open windows to let in the outdoor air.</p>\r\n                     <p>It is therefore,&nbsp; important to realize that while recirculating air has become the default\r\n                        in our buildings, ventilating with outdoor air is vital in diluting the airborne contaminants\r\n                        and decreasing the transmission of infection. Hence, it wouldn&rsquo;t be wrong to say that in\r\n                        addition to everyday precautions taken by individuals, the building owners, managers, and\r\n                        employers have a vital role to play in creating a safe environment for themselves and other\r\n                        inhabitants.</p>", "content_published_date": "2020-11-10T11:14:46", "blog_image": 7, "blog_big_image": null, "blog_author": null, "search_friendly": "", "featured": true, "published": true, "created_on": "2020-11-10T11:14:51.985", "updated_on": "2020-11-10T11:14:51.987"}}, {"model": "blog.subscription", "pk": 1, "fields": {"email_id": "dheerraj2008@gmail.com", "hash": "<built-in function hash>", "notification": "Weekly", "subscribed": true, "created_on": "2020-11-13T13:17:14.576", "updated_on": "2020-11-13T13:17:14.778"}}, {"model": "blog.subscription", "pk": 4, "fields": {"email_id": "ayush@webenza.com", "hash": "385ee919c4b8435a6dafd4bd34fc5b16", "notification": "Weekly", "subscribed": true, "created_on": "2020-11-13T13:29:15.096", "updated_on": "2020-11-13T13:29:15.300"}}, {"model": "blog.subscription", "pk": 5, "fields": {"email_id": "zz@gmail.com", "hash": "247c253f10352ab7aa52aabd3a216a05", "notification": "Weekly", "subscribed": true, "created_on": "2020-11-30T22:00:26.105", "updated_on": "2020-11-30T22:00:26.114"}}, {"model": "blog.subscription", "pk": 6, "fields": {"email_id": "mohithhb@gmail.com", "hash": "64cdb275816bec36912721d492df57d4", "notification": "Weekly", "subscribed": true, "created_on": "2020-12-13T13:16:41.947", "updated_on": "2020-12-13T13:16:41.958"}}, {"model": "auth.permission", "pk": 1, "fields": {"name": "Can add log entry", "content_type": 1, "codename": "add_logentry"}}, {"model": "auth.permission", "pk": 2, "fields": {"name": "Can change log entry", "content_type": 1, "codename": "change_logentry"}}, {"model": "auth.permission", "pk": 3, "fields": {"name": "Can delete log entry", "content_type": 1, "codename": "delete_logentry"}}, {"model": "auth.permission", "pk": 4, "fields": {"name": "Can view log entry", "content_type": 1, "codename": "view_logentry"}}, {"model": "auth.permission", "pk": 5, "fields": {"name": "Can add permission", "content_type": 2, "codename": "add_permission"}}, {"model": "auth.permission", "pk": 6, "fields": {"name": "Can change permission", "content_type": 2, "codename": "change_permission"}}, {"model": "auth.permission", "pk": 7, "fields": {"name": "Can delete permission", "content_type": 2, "codename": "delete_permission"}}, {"model": "auth.permission", "pk": 8, "fields": {"name": "Can view permission", "content_type": 2, "codename": "view_permission"}}, {"model": "auth.permission", "pk": 9, "fields": {"name": "Can add group", "content_type": 3, "codename": "add_group"}}, {"model": "auth.permission", "pk": 10, "fields": {"name": "Can change group", "content_type": 3, "codename": "change_group"}}, {"model": "auth.permission", "pk": 11, "fields": {"name": "Can delete group", "content_type": 3, "codename": "delete_group"}}, {"model": "auth.permission", "pk": 12, "fields": {"name": "Can view group", "content_type": 3, "codename": "view_group"}}, {"model": "auth.permission", "pk": 13, "fields": {"name": "Can add user", "content_type": 4, "codename": "add_user"}}, {"model": "auth.permission", "pk": 14, "fields": {"name": "Can change user", "content_type": 4, "codename": "change_user"}}, {"model": "auth.permission", "pk": 15, "fields": {"name": "Can delete user", "content_type": 4, "codename": "delete_user"}}, {"model": "auth.permission", "pk": 16, "fields": {"name": "Can view user", "content_type": 4, "codename": "view_user"}}, {"model": "auth.permission", "pk": 17, "fields": {"name": "Can add content type", "content_type": 5, "codename": "add_contenttype"}}, {"model": "auth.permission", "pk": 18, "fields": {"name": "Can change content type", "content_type": 5, "codename": "change_contenttype"}}, {"model": "auth.permission", "pk": 19, "fields": {"name": "Can delete content type", "content_type": 5, "codename": "delete_contenttype"}}, {"model": "auth.permission", "pk": 20, "fields": {"name": "Can view content type", "content_type": 5, "codename": "view_contenttype"}}, {"model": "auth.permission", "pk": 21, "fields": {"name": "Can add session", "content_type": 6, "codename": "add_session"}}, {"model": "auth.permission", "pk": 22, "fields": {"name": "Can change session", "content_type": 6, "codename": "change_session"}}, {"model": "auth.permission", "pk": 23, "fields": {"name": "Can delete session", "content_type": 6, "codename": "delete_session"}}, {"model": "auth.permission", "pk": 24, "fields": {"name": "Can view session", "content_type": 6, "codename": "view_session"}}, {"model": "auth.permission", "pk": 25, "fields": {"name": "Can add site", "content_type": 7, "codename": "add_site"}}, {"model": "auth.permission", "pk": 26, "fields": {"name": "Can change site", "content_type": 7, "codename": "change_site"}}, {"model": "auth.permission", "pk": 27, "fields": {"name": "Can delete site", "content_type": 7, "codename": "delete_site"}}, {"model": "auth.permission", "pk": 28, "fields": {"name": "Can view site", "content_type": 7, "codename": "view_site"}}, {"model": "auth.permission", "pk": 29, "fields": {"name": "Can add clipboard", "content_type": 8, "codename": "add_clipboard"}}, {"model": "auth.permission", "pk": 30, "fields": {"name": "Can change clipboard", "content_type": 8, "codename": "change_clipboard"}}, {"model": "auth.permission", "pk": 31, "fields": {"name": "Can delete clipboard", "content_type": 8, "codename": "delete_clipboard"}}, {"model": "auth.permission", "pk": 32, "fields": {"name": "Can view clipboard", "content_type": 8, "codename": "view_clipboard"}}, {"model": "auth.permission", "pk": 33, "fields": {"name": "Can add clipboard item", "content_type": 9, "codename": "add_clipboarditem"}}, {"model": "auth.permission", "pk": 34, "fields": {"name": "Can change clipboard item", "content_type": 9, "codename": "change_clipboarditem"}}, {"model": "auth.permission", "pk": 35, "fields": {"name": "Can delete clipboard item", "content_type": 9, "codename": "delete_clipboarditem"}}, {"model": "auth.permission", "pk": 36, "fields": {"name": "Can view clipboard item", "content_type": 9, "codename": "view_clipboarditem"}}, {"model": "auth.permission", "pk": 37, "fields": {"name": "Can add file", "content_type": 10, "codename": "add_file"}}, {"model": "auth.permission", "pk": 38, "fields": {"name": "Can change file", "content_type": 10, "codename": "change_file"}}, {"model": "auth.permission", "pk": 39, "fields": {"name": "Can delete file", "content_type": 10, "codename": "delete_file"}}, {"model": "auth.permission", "pk": 40, "fields": {"name": "Can view file", "content_type": 10, "codename": "view_file"}}, {"model": "auth.permission", "pk": 41, "fields": {"name": "Can add Folder", "content_type": 11, "codename": "add_folder"}}, {"model": "auth.permission", "pk": 42, "fields": {"name": "Can change Folder", "content_type": 11, "codename": "change_folder"}}, {"model": "auth.permission", "pk": 43, "fields": {"name": "Can delete Folder", "content_type": 11, "codename": "delete_folder"}}, {"model": "auth.permission", "pk": 44, "fields": {"name": "Can view Folder", "content_type": 11, "codename": "view_folder"}}, {"model": "auth.permission", "pk": 45, "fields": {"name": "Can use directory listing", "content_type": 11, "codename": "can_use_directory_listing"}}, {"model": "auth.permission", "pk": 46, "fields": {"name": "Can add folder permission", "content_type": 12, "codename": "add_folderpermission"}}, {"model": "auth.permission", "pk": 47, "fields": {"name": "Can change folder permission", "content_type": 12, "codename": "change_folderpermission"}}, {"model": "auth.permission", "pk": 48, "fields": {"name": "Can delete folder permission", "content_type": 12, "codename": "delete_folderpermission"}}, {"model": "auth.permission", "pk": 49, "fields": {"name": "Can view folder permission", "content_type": 12, "codename": "view_folderpermission"}}, {"model": "auth.permission", "pk": 50, "fields": {"name": "Can add image", "content_type": 13, "codename": "add_image"}}, {"model": "auth.permission", "pk": 51, "fields": {"name": "Can change image", "content_type": 13, "codename": "change_image"}}, {"model": "auth.permission", "pk": 52, "fields": {"name": "Can delete image", "content_type": 13, "codename": "delete_image"}}, {"model": "auth.permission", "pk": 53, "fields": {"name": "Can view image", "content_type": 13, "codename": "view_image"}}, {"model": "auth.permission", "pk": 54, "fields": {"name": "Can add thumbnail option", "content_type": 14, "codename": "add_thumbnailoption"}}, {"model": "auth.permission", "pk": 55, "fields": {"name": "Can change thumbnail option", "content_type": 14, "codename": "change_thumbnailoption"}}, {"model": "auth.permission", "pk": 56, "fields": {"name": "Can delete thumbnail option", "content_type": 14, "codename": "delete_thumbnailoption"}}, {"model": "auth.permission", "pk": 57, "fields": {"name": "Can view thumbnail option", "content_type": 14, "codename": "view_thumbnailoption"}}, {"model": "auth.permission", "pk": 58, "fields": {"name": "Can add source", "content_type": 15, "codename": "add_source"}}, {"model": "auth.permission", "pk": 59, "fields": {"name": "Can change source", "content_type": 15, "codename": "change_source"}}, {"model": "auth.permission", "pk": 60, "fields": {"name": "Can delete source", "content_type": 15, "codename": "delete_source"}}, {"model": "auth.permission", "pk": 61, "fields": {"name": "Can view source", "content_type": 15, "codename": "view_source"}}, {"model": "auth.permission", "pk": 62, "fields": {"name": "Can add thumbnail", "content_type": 16, "codename": "add_thumbnail"}}, {"model": "auth.permission", "pk": 63, "fields": {"name": "Can change thumbnail", "content_type": 16, "codename": "change_thumbnail"}}, {"model": "auth.permission", "pk": 64, "fields": {"name": "Can delete thumbnail", "content_type": 16, "codename": "delete_thumbnail"}}, {"model": "auth.permission", "pk": 65, "fields": {"name": "Can view thumbnail", "content_type": 16, "codename": "view_thumbnail"}}, {"model": "auth.permission", "pk": 66, "fields": {"name": "Can add thumbnail dimensions", "content_type": 17, "codename": "add_thumbnaildimensions"}}, {"model": "auth.permission", "pk": 67, "fields": {"name": "Can change thumbnail dimensions", "content_type": 17, "codename": "change_thumbnaildimensions"}}, {"model": "auth.permission", "pk": 68, "fields": {"name": "Can delete thumbnail dimensions", "content_type": 17, "codename": "delete_thumbnaildimensions"}}, {"model": "auth.permission", "pk": 69, "fields": {"name": "Can view thumbnail dimensions", "content_type": 17, "codename": "view_thumbnaildimensions"}}, {"model": "auth.permission", "pk": 70, "fields": {"name": "Can add Home Page Banners", "content_type": 18, "codename": "add_homepagebanners"}}, {"model": "auth.permission", "pk": 71, "fields": {"name": "Can change Home Page Banners", "content_type": 18, "codename": "change_homepagebanners"}}, {"model": "auth.permission", "pk": 72, "fields": {"name": "Can delete Home Page Banners", "content_type": 18, "codename": "delete_homepagebanners"}}, {"model": "auth.permission", "pk": 73, "fields": {"name": "Can view Home Page Banners", "content_type": 18, "codename": "view_homepagebanners"}}, {"model": "auth.permission", "pk": 74, "fields": {"name": "Can add Expertise", "content_type": 19, "codename": "add_expertise"}}, {"model": "auth.permission", "pk": 75, "fields": {"name": "Can change Expertise", "content_type": 19, "codename": "change_expertise"}}, {"model": "auth.permission", "pk": 76, "fields": {"name": "Can delete Expertise", "content_type": 19, "codename": "delete_expertise"}}, {"model": "auth.permission", "pk": 77, "fields": {"name": "Can view Expertise", "content_type": 19, "codename": "view_expertise"}}, {"model": "auth.permission", "pk": 78, "fields": {"name": "Can add Blog Category", "content_type": 20, "codename": "add_blogcategory"}}, {"model": "auth.permission", "pk": 79, "fields": {"name": "Can change Blog Category", "content_type": 20, "codename": "change_blogcategory"}}, {"model": "auth.permission", "pk": 80, "fields": {"name": "Can delete Blog Category", "content_type": 20, "codename": "delete_blogcategory"}}, {"model": "auth.permission", "pk": 81, "fields": {"name": "Can view Blog Category", "content_type": 20, "codename": "view_blogcategory"}}, {"model": "auth.permission", "pk": 82, "fields": {"name": "Can add  Blog", "content_type": 21, "codename": "add_blogs"}}, {"model": "auth.permission", "pk": 83, "fields": {"name": "Can change  Blog", "content_type": 21, "codename": "change_blogs"}}, {"model": "auth.permission", "pk": 84, "fields": {"name": "Can delete  Blog", "content_type": 21, "codename": "delete_blogs"}}, {"model": "auth.permission", "pk": 85, "fields": {"name": "Can view  Blog", "content_type": 21, "codename": "view_blogs"}}, {"model": "auth.permission", "pk": 86, "fields": {"name": "Can add Email", "content_type": 22, "codename": "add_subscription"}}, {"model": "auth.permission", "pk": 87, "fields": {"name": "Can change Email", "content_type": 22, "codename": "change_subscription"}}, {"model": "auth.permission", "pk": 88, "fields": {"name": "Can delete Email", "content_type": 22, "codename": "delete_subscription"}}, {"model": "auth.permission", "pk": 89, "fields": {"name": "Can view Email", "content_type": 22, "codename": "view_subscription"}}, {"model": "auth.permission", "pk": 90, "fields": {"name": "Can add Blog Topic", "content_type": 23, "codename": "add_blogtopic"}}, {"model": "auth.permission", "pk": 91, "fields": {"name": "Can change Blog Topic", "content_type": 23, "codename": "change_blogtopic"}}, {"model": "auth.permission", "pk": 92, "fields": {"name": "Can delete Blog Topic", "content_type": 23, "codename": "delete_blogtopic"}}, {"model": "auth.permission", "pk": 93, "fields": {"name": "Can view Blog Topic", "content_type": 23, "codename": "view_blogtopic"}}, {"model": "auth.permission", "pk": 94, "fields": {"name": "Can add Book", "content_type": 24, "codename": "add_book"}}, {"model": "auth.permission", "pk": 95, "fields": {"name": "Can change Book", "content_type": 24, "codename": "change_book"}}, {"model": "auth.permission", "pk": 96, "fields": {"name": "Can delete Book", "content_type": 24, "codename": "delete_book"}}, {"model": "auth.permission", "pk": 97, "fields": {"name": "Can view Book", "content_type": 24, "codename": "view_book"}}, {"model": "auth.permission", "pk": 98, "fields": {"name": "Can add Gallery", "content_type": 25, "codename": "add_gallery"}}, {"model": "auth.permission", "pk": 99, "fields": {"name": "Can change Gallery", "content_type": 25, "codename": "change_gallery"}}, {"model": "auth.permission", "pk": 100, "fields": {"name": "Can delete Gallery", "content_type": 25, "codename": "delete_gallery"}}, {"model": "auth.permission", "pk": 101, "fields": {"name": "Can view Gallery", "content_type": 25, "codename": "view_gallery"}}, {"model": "auth.permission", "pk": 102, "fields": {"name": "Can add Video", "content_type": 26, "codename": "add_video"}}, {"model": "auth.permission", "pk": 103, "fields": {"name": "Can change Video", "content_type": 26, "codename": "change_video"}}, {"model": "auth.permission", "pk": 104, "fields": {"name": "Can delete Video", "content_type": 26, "codename": "delete_video"}}, {"model": "auth.permission", "pk": 105, "fields": {"name": "Can view Video", "content_type": 26, "codename": "view_video"}}, {"model": "auth.user", "pk": 1, "fields": {"password": "argon2$argon2i$v=19$m=512,t=2,p=2$a3hYRzJwY2pORUhL$HCEczGFcl/afdffk9BFZPA", "last_login": "2020-11-23T22:31:40.442", "is_superuser": true, "username": "superadmin", "first_name": "", "last_name": "", "email": "", "is_staff": true, "is_active": true, "date_joined": "2020-11-08T21:37:47.246", "groups": [], "user_permissions": []}}, {"model": "auth.user", "pk": 2, "fields": {"password": "argon2$argon2i$v=19$m=512,t=2,p=2$TndvbFRCaW9aY1cw$EgBuHEixnKQdqpq+aqjJ+w", "last_login": "2021-01-24T15:02:21.147", "is_superuser": true, "username": "mohith", "first_name": "", "last_name": "", "email": "", "is_staff": true, "is_active": true, "date_joined": "2020-11-30T22:02:42.321", "groups": [], "user_permissions": []}}, {"model": "filer.folder", "pk": 1, "fields": {"level": 0, "lft": 1, "rght": 2, "parent": null, "name": "Home Banner", "owner": 1, "uploaded_at": "2020-11-08T21:44:14.176", "created_at": "2020-11-08T21:44:14.176", "modified_at": "2020-11-08T21:44:14.176", "tree_id": 1}}, {"model": "filer.folder", "pk": 3, "fields": {"level": 0, "lft": 1, "rght": 2, "parent": null, "name": "Expertise Logo", "owner": 1, "uploaded_at": "2020-11-08T21:55:25.852", "created_at": "2020-11-08T21:55:25.852", "modified_at": "2020-11-08T21:55:25.852", "tree_id": 2}}, {"model": "filer.folder", "pk": 4, "fields": {"level": 0, "lft": 1, "rght": 2, "parent": null, "name": "Blog Images", "owner": 1, "uploaded_at": "2020-11-10T11:04:21.605", "created_at": "2020-11-10T11:04:21.605", "modified_at": "2020-11-10T11:04:21.605", "tree_id": 3}}, {"model": "filer.folder", "pk": 5, "fields": {"level": 0, "lft": 1, "rght": 2, "parent": null, "name": "Video", "owner": 1, "uploaded_at": "2020-12-02T17:15:12.068", "created_at": "2020-12-02T17:15:12.068", "modified_at": "2020-12-02T17:15:12.068", "tree_id": 4}}, {"model": "filer.file", "pk": 1, "fields": {"polymorphic_ctype": 13, "folder": 1, "file": "filer_public/98/28/9828f06e-bf8a-4236-b825-9a8104121094/1.png", "_file_size": 77693, "sha1": "6ca88b7c850919391c492f7cde99dfc4d921bdf5", "has_all_mandatory_data": false, "original_filename": "1.png", "name": "", "description": null, "owner": 1, "uploaded_at": "2020-11-08T21:45:06.017", "modified_at": "2020-11-08T21:45:06.017", "is_public": true, "mime_type": "image/png"}}, {"model": "filer.file", "pk": 2, "fields": {"polymorphic_ctype": 13, "folder": 3, "file": "filer_public/18/4c/184c4583-9775-460d-8d00-e50fdc007cc2/inact_cc.png", "_file_size": 895, "sha1": "d5f3b7a41ae9fc6deabf5013007e39f825c7b093", "has_all_mandatory_data": false, "original_filename": "inact_cc.png", "name": "", "description": null, "owner": 1, "uploaded_at": "2020-11-08T21:55:53.107", "modified_at": "2020-11-08T21:55:53.107", "is_public": true, "mime_type": "image/png"}}, {"model": "filer.file", "pk": 3, "fields": {"polymorphic_ctype": 13, "folder": 3, "file": "filer_public/09/b3/09b36b3a-3e36-49d0-877d-b693afe3e1fd/inact_ai.png", "_file_size": 1315, "sha1": "842d9fbef8ecd0e62d5434234fd3d2337c1327a5", "has_all_mandatory_data": false, "original_filename": "inact_ai.png", "name": "", "description": null, "owner": 1, "uploaded_at": "2020-11-08T21:55:53.108", "modified_at": "2020-11-08T21:55:53.108", "is_public": true, "mime_type": "image/png"}}, {"model": "filer.file", "pk": 4, "fields": {"polymorphic_ctype": 13, "folder": 3, "file": "filer_public/b9/8a/b98ac816-c630-4917-b776-23dd12594494/inact_gen.png", "_file_size": 1139, "sha1": "155f0471e9876027f001d88e739704a000fc58b2", "has_all_mandatory_data": false, "original_filename": "inact_gen.png", "name": "", "description": null, "owner": 1, "uploaded_at": "2020-11-08T21:55:53.113", "modified_at": "2020-11-08T21:55:53.114", "is_public": true, "mime_type": "image/png"}}, {"model": "filer.file", "pk": 5, "fields": {"polymorphic_ctype": 13, "folder": 3, "file": "filer_public/78/9d/789d2a34-cee9-468b-babe-f78844b8d943/inact_ml.png", "_file_size": 1486, "sha1": "f46ea5668c118e8c0b8f753479c3ff02f794437d", "has_all_mandatory_data": false, "original_filename": "inact_ml.png", "name": "", "description": null, "owner": 1, "uploaded_at": "2020-11-08T21:55:53.573", "modified_at": "2020-11-08T21:55:53.573", "is_public": true, "mime_type": "image/png"}}, {"model": "filer.file", "pk": 6, "fields": {"polymorphic_ctype": 13, "folder": 3, "file": "filer_public/5b/ff/5bffde4d-0c8f-45f8-a656-c642d1e9e01e/inact_qc.png", "_file_size": 1188, "sha1": "4ba1cf7a428a8207d790f461a90abd1e1033db60", "has_all_mandatory_data": false, "original_filename": "inact_qc.png", "name": "", "description": null, "owner": 1, "uploaded_at": "2020-11-08T21:55:53.575", "modified_at": "2020-11-08T21:55:53.575", "is_public": true, "mime_type": "image/png"}}, {"model": "filer.file", "pk": 7, "fields": {"polymorphic_ctype": 13, "folder": 4, "file": "filer_public/20/63/206399f4-b51d-4b9b-a008-18c15a2b6443/blog2.png", "_file_size": 159520, "sha1": "0886ec0afbdea3fb661e9c3c2a2506ebcdb864de", "has_all_mandatory_data": false, "original_filename": "blog2.png", "name": "", "description": null, "owner": 1, "uploaded_at": "2020-11-10T11:06:56.770", "modified_at": "2020-11-10T11:06:56.770", "is_public": true, "mime_type": "image/png"}}, {"model": "filer.file", "pk": 8, "fields": {"polymorphic_ctype": 13, "folder": 4, "file": "filer_public/bd/0b/bd0b5270-14e4-446f-8df5-af6c277c60c0/blog3.png", "_file_size": 203403, "sha1": "e53f5a70a65161bfcdd185f81516970a8018249c", "has_all_mandatory_data": false, "original_filename": "blog3.png", "name": "", "description": null, "owner": 1, "uploaded_at": "2020-11-10T11:06:56.770", "modified_at": "2020-11-10T11:06:56.770", "is_public": true, "mime_type": "image/png"}}, {"model": "filer.file", "pk": 9, "fields": {"polymorphic_ctype": 13, "folder": 4, "file": "filer_public/50/81/50818c27-2904-4a33-a23c-d23709762664/blog1.png", "_file_size": 187806, "sha1": "a4befafcb4b4a35597d65144baadd6b5e4183770", "has_all_mandatory_data": false, "original_filename": "blog1.png", "name": "", "description": null, "owner": 1, "uploaded_at": "2020-11-10T11:06:56.771", "modified_at": "2020-11-10T11:06:56.771", "is_public": true, "mime_type": "image/png"}}, {"model": "filer.file", "pk": 10, "fields": {"polymorphic_ctype": 13, "folder": null, "file": "filer_public/c4/86/c48689ee-be24-4f52-978d-b1555e83601d/0.jpeg", "_file_size": 34933, "sha1": "d51a4e67e7801939c04d1c51c3005dbb8d25d865", "has_all_mandatory_data": false, "original_filename": "0.jpeg", "name": "", "description": null, "owner": 2, "uploaded_at": "2020-11-30T22:31:40.511", "modified_at": "2020-11-30T22:31:40.511", "is_public": true, "mime_type": "image/jpeg"}}, {"model": "filer.file", "pk": 11, "fields": {"polymorphic_ctype": 13, "folder": null, "file": "filer_public/d2/32/d232b492-5770-4a26-9e45-6d830a3a82b2/0.jpeg", "_file_size": 34933, "sha1": "d51a4e67e7801939c04d1c51c3005dbb8d25d865", "has_all_mandatory_data": false, "original_filename": "0.jpeg", "name": "", "description": null, "owner": 2, "uploaded_at": "2020-11-30T22:31:48.033", "modified_at": "2020-11-30T22:31:48.033", "is_public": true, "mime_type": "image/jpeg"}}, {"model": "filer.file", "pk": 12, "fields": {"polymorphic_ctype": 13, "folder": 5, "file": "filer_public/38/fb/38fb90e3-6ce7-44ca-b8a7-78900548ea2f/kindergarten.png", "_file_size": 285915, "sha1": "48b51d14a507417a35748bd43c89aef7b5955898", "has_all_mandatory_data": false, "original_filename": "kindergarten.png", "name": "", "description": null, "owner": 1, "uploaded_at": "2020-12-02T17:15:35.594", "modified_at": "2020-12-02T17:15:35.594", "is_public": true, "mime_type": "image/png"}}, {"model": "filer.file", "pk": 13, "fields": {"polymorphic_ctype": 13, "folder": null, "file": "filer_public/1f/6f/1f6fe1ed-b20f-4303-a063-c083b5b9bd76/51plfeyrh0l_sx258_bo1204203200_.jpg", "_file_size": 15855, "sha1": "df493671c600e4fc6c5d90bcae43c6f72360eec8", "has_all_mandatory_data": false, "original_filename": "51PLfEyRh0L._SX258_BO1,204,203,200_.jpg", "name": "", "description": null, "owner": 2, "uploaded_at": "2020-12-07T12:13:54.311", "modified_at": "2020-12-07T12:13:54.311", "is_public": true, "mime_type": "image/jpeg"}}, {"model": "filer.file", "pk": 14, "fields": {"polymorphic_ctype": 13, "folder": null, "file": "filer_public/5c/9f/5c9f17df-3622-4744-a68c-c67fa1252baf/41x8oytblzl_sx324_bo1204203200_.jpg", "_file_size": 20967, "sha1": "ac966fbd5d4c768f3c71adc6f22ffcc292164802", "has_all_mandatory_data": false, "original_filename": "41X8OYTbLZL._SX324_BO1,204,203,200_.jpg", "name": "", "description": null, "owner": 2, "uploaded_at": "2020-12-07T12:16:22.041", "modified_at": "2020-12-07T12:16:22.041", "is_public": true, "mime_type": "image/jpeg"}}, {"model": "filer.file", "pk": 15, "fields": {"polymorphic_ctype": 13, "folder": null, "file": "filer_public/21/ff/21ff75ba-357e-4994-811e-230dd1b4cc33/51pgrglsm4l_sx327_bo1204203200_.jpg", "_file_size": 29748, "sha1": "bf45dc5adb56e7c2df71dd1d74b99a18edb153df", "has_all_mandatory_data": false, "original_filename": "51pgrGlsM4L._SX327_BO1,204,203,200_.jpg", "name": "", "description": null, "owner": 2, "uploaded_at": "2020-12-07T12:25:13.905", "modified_at": "2020-12-07T12:25:13.905", "is_public": true, "mime_type": "image/jpeg"}}, {"model": "filer.file", "pk": 16, "fields": {"polymorphic_ctype": 13, "folder": null, "file": "filer_public/a4/6e/a46e64e6-2a77-48e4-abd6-86620f9ccb15/51gysc8exl_sx333_bo1204203200_.jpg", "_file_size": 44362, "sha1": "138907fbbeeca98f26eb4d68a52fedbbf2610253", "has_all_mandatory_data": false, "original_filename": "51+GySc8ExL._SX333_BO1,204,203,200_.jpg", "name": "", "description": null, "owner": 2, "uploaded_at": "2020-12-07T12:26:19.794", "modified_at": "2020-12-07T12:26:19.794", "is_public": true, "mime_type": "image/jpeg"}}, {"model": "filer.file", "pk": 17, "fields": {"polymorphic_ctype": 13, "folder": null, "file": "filer_public/b9/b6/b9b609d8-7372-48fd-a068-a6e74f671b65/51ipgnxv3kl_sx328_bo1204203200_.jpg", "_file_size": 32997, "sha1": "dc4b69cb9bc360af317ce5637756888f787739a0", "has_all_mandatory_data": false, "original_filename": "51ipGnxv3kL._SX328_BO1,204,203,200_.jpg", "name": "", "description": null, "owner": 2, "uploaded_at": "2020-12-07T12:27:17.807", "modified_at": "2020-12-07T12:27:17.807", "is_public": true, "mime_type": "image/jpeg"}}, {"model": "filer.file", "pk": 18, "fields": {"polymorphic_ctype": 13, "folder": null, "file": "filer_public/b5/2f/b52fe2e7-54c0-46cb-8413-c78dd589ae55/517vrpia5dl_sx329_bo1204203200_.jpg", "_file_size": 23839, "sha1": "ada25cb06c8008150cdbea21a0afea9dd21ef72a", "has_all_mandatory_data": false, "original_filename": "517vRPiA5dL._SX329_BO1,204,203,200_.jpg", "name": "", "description": null, "owner": 2, "uploaded_at": "2020-12-07T12:28:28.891", "modified_at": "2020-12-07T12:28:28.891", "is_public": true, "mime_type": "image/jpeg"}}, {"model": "filer.file", "pk": 19, "fields": {"polymorphic_ctype": 13, "folder": null, "file": "filer_public/e2/6a/e26aedba-932d-4c3d-9872-d371b6221536/mqdefault_6s-0.png", "_file_size": 35192, "sha1": "329af06108c59c16f2e705e480b1dc306305d68f", "has_all_mandatory_data": false, "original_filename": "mqdefault_6s-0.png", "name": "", "description": null, "owner": 2, "uploaded_at": "2020-12-07T12:33:27.545", "modified_at": "2020-12-07T12:33:27.545", "is_public": true, "mime_type": "image/png"}}, {"model": "filer.file", "pk": 20, "fields": {"polymorphic_ctype": 13, "folder": null, "file": "filer_public/61/a3/61a31057-852c-4508-8b5d-13eb39a5c349/mqdefault_6s_1-23.png", "_file_size": 28918, "sha1": "91db330600c7722e1fb213e88b0166b0181df356", "has_all_mandatory_data": false, "original_filename": "mqdefault_6s (1)-23.png", "name": "", "description": null, "owner": 2, "uploaded_at": "2020-12-07T12:34:46.365", "modified_at": "2020-12-07T12:34:46.365", "is_public": true, "mime_type": "image/png"}}, {"model": "filer.file", "pk": 21, "fields": {"polymorphic_ctype": 13, "folder": null, "file": "filer_public/18/dd/18ddae49-c9fb-44b0-b471-90c0ebd6002f/mqdefault_6s_2-0.png", "_file_size": 33050, "sha1": "e04700a4af686d3e8711a4c1a09d224f9250a01d", "has_all_mandatory_data": false, "original_filename": "mqdefault_6s (2)-0.png", "name": "", "description": null, "owner": 2, "uploaded_at": "2020-12-07T12:38:11.038", "modified_at": "2020-12-07T12:38:11.038", "is_public": true, "mime_type": "image/png"}}, {"model": "filer.file", "pk": 22, "fields": {"polymorphic_ctype": 13, "folder": null, "file": "filer_public/ef/3a/ef3abb14-ab23-40d6-92d7-9e485ce9f107/f83ca54a505a7a77561611e59e11aa49.png", "_file_size": 183377, "sha1": "57a4da9c7422cf471b7114b50ac99fb9fecae9e3", "has_all_mandatory_data": false, "original_filename": "f83ca54a505a7a77561611e59e11aa49.png", "name": "", "description": null, "owner": 2, "uploaded_at": "2020-12-09T21:20:21.573", "modified_at": "2020-12-09T21:20:21.573", "is_public": true, "mime_type": "image/png"}}, {"model": "filer.file", "pk": 23, "fields": {"polymorphic_ctype": 13, "folder": null, "file": "filer_public/8c/5d/8c5df23d-d23b-48df-bb40-3b996799b7b8/download_1.png", "_file_size": 250292, "sha1": "196d05092fef9ddc8d6a2ce7d98354f4dbd575bd", "has_all_mandatory_data": false, "original_filename": "download (1).png", "name": "", "description": null, "owner": 2, "uploaded_at": "2020-12-09T21:21:14.388", "modified_at": "2020-12-09T21:21:14.388", "is_public": true, "mime_type": "image/png"}}, {"model": "filer.file", "pk": 24, "fields": {"polymorphic_ctype": 13, "folder": null, "file": "filer_public/f6/5b/f65bd20a-7f2c-4360-b569-9e3d4dd203c1/download.png", "_file_size": 464111, "sha1": "47e9760688c36a3e1dbac0f2ea13f00aea0a9811", "has_all_mandatory_data": false, "original_filename": "download.png", "name": "", "description": null, "owner": 2, "uploaded_at": "2020-12-09T21:21:37.815", "modified_at": "2020-12-09T21:21:37.815", "is_public": true, "mime_type": "image/png"}}, {"model": "filer.file", "pk": 25, "fields": {"polymorphic_ctype": 13, "folder": null, "file": "filer_public/7e/59/7e59ef7b-06e2-42ec-ad0e-6f900403a241/carl-sagan-1024x576.png", "_file_size": 515985, "sha1": "ac1ed1674bff2be1c401398e35ff07f2c8796e03", "has_all_mandatory_data": false, "original_filename": "carl-sagan-1024x576.png", "name": "", "description": null, "owner": 2, "uploaded_at": "2020-12-09T21:21:49.941", "modified_at": "2020-12-09T21:21:49.941", "is_public": true, "mime_type": "image/png"}}, {"model": "filer.file", "pk": 26, "fields": {"polymorphic_ctype": 13, "folder": null, "file": "filer_public/f7/d6/f7d6e1e0-468e-45b3-b595-168e8373fc60/carlsagan1.png", "_file_size": 643125, "sha1": "493e14982f1717e959288d0b834fbe8e6e41adf2", "has_all_mandatory_data": false, "original_filename": "carlsagan1.png", "name": "", "description": null, "owner": 2, "uploaded_at": "2020-12-09T21:22:13.770", "modified_at": "2020-12-09T21:22:13.770", "is_public": true, "mime_type": "image/png"}}, {"model": "filer.file", "pk": 27, "fields": {"polymorphic_ctype": 13, "folder": null, "file": "filer_public/02/e9/02e98f13-aad6-4904-a0b2-103742ac0e36/albert-einstein-quotes-2.png", "_file_size": 520413, "sha1": "58fb2bbbbfd63e4a04ef1056de2751ab0d2be32c", "has_all_mandatory_data": false, "original_filename": "Albert-Einstein-quotes-2.png", "name": "", "description": null, "owner": 2, "uploaded_at": "2020-12-09T21:22:28.516", "modified_at": "2020-12-09T21:22:28.516", "is_public": true, "mime_type": "image/png"}}, {"model": "filer.file", "pk": 28, "fields": {"polymorphic_ctype": 13, "folder": null, "file": "filer_public/3b/88/3b88f925-204b-42b9-9cbf-10bf71afb1d2/8946918_full-richard-feynman-quotes-richard-feynman-quotes-1001-inspirational-quotes.png", "_file_size": 305223, "sha1": "e18895d39180e9812e596ef64a84d66727d045a7", "has_all_mandatory_data": false, "original_filename": "8946918_full-richard-feynman-quotes-richard-feynman-quotes-1001-inspirational-quotes.png", "name": "", "description": null, "owner": 2, "uploaded_at": "2020-12-09T21:22:50.275", "modified_at": "2020-12-09T21:22:50.275", "is_public": true, "mime_type": "image/png"}}, {"model": "filer.file", "pk": 29, "fields": {"polymorphic_ctype": 13, "folder": null, "file": "filer_public/08/6f/086f82df-8237-40d4-974d-40915739d845/quote-the-actual-state-of-our-knowledge-is-always-provisional-and-there-must-be-beyond-what-louis-de-broglie-71-21-08.png", "_file_size": 192231, "sha1": "4adead450d235e3750ff5171561d15a67897c695", "has_all_mandatory_data": false, "original_filename": "quote-the-actual-state-of-our-knowledge-is-always-provisional-and-there-must-be-beyond-what-louis-de-broglie-71-21-08.png", "name": "", "description": null, "owner": 2, "uploaded_at": "2020-12-09T21:23:05.988", "modified_at": "2020-12-09T21:23:05.988", "is_public": true, "mime_type": "image/png"}}, {"model": "filer.file", "pk": 30, "fields": {"polymorphic_ctype": 13, "folder": null, "file": "filer_public/8c/63/8c632cc6-e74c-4e8b-8114-d8ffa46d0309/quote-i-would-rather-have-questions-that-can-t-be-answered-than-answers-that-can-t-be-questioned-richard-p-feynman-82-43-34.png", "_file_size": 172451, "sha1": "661fecc487df59b8bc7b7ce5343f07c8f032ae57", "has_all_mandatory_data": false, "original_filename": "quote-i-would-rather-have-questions-that-can-t-be-answered-than-answers-that-can-t-be-questioned-richard-p-feynman-82-43-34.png", "name": "", "description": null, "owner": 2, "uploaded_at": "2020-12-09T21:23:21.533", "modified_at": "2020-12-09T21:23:21.533", "is_public": true, "mime_type": "image/png"}}, {"model": "filer.file", "pk": 31, "fields": {"polymorphic_ctype": 13, "folder": null, "file": "filer_public/56/33/56330536-0b13-4e22-995d-560119b0be5f/415-qh52npl_sx325_bo1204203200_.jpg", "_file_size": 18086, "sha1": "bc8dff0d951921f4e7b0706ca5e8943bcfe19770", "has_all_mandatory_data": false, "original_filename": "415-qH52nPL._SX325_BO1,204,203,200_.jpg", "name": "", "description": null, "owner": 2, "uploaded_at": "2020-12-13T13:31:28.465", "modified_at": "2020-12-13T13:31:28.465", "is_public": true, "mime_type": "image/jpeg"}}, {"model": "filer.file", "pk": 32, "fields": {"polymorphic_ctype": 13, "folder": null, "file": "filer_public/18/e7/18e73a6b-b319-4ad7-a376-18c629452cf7/stephen-hawking.jpg", "_file_size": 75081, "sha1": "3167a9c2706505590ad8800c705fafdafd688ac3", "has_all_mandatory_data": false, "original_filename": "Stephen-Hawking.jpg", "name": "", "description": null, "owner": 2, "uploaded_at": "2020-12-13T13:34:24.381", "modified_at": "2020-12-13T13:34:24.381", "is_public": true, "mime_type": "image/jpeg"}}, {"model": "filer.clipboard", "pk": 1, "fields": {"user": 1}}, {"model": "filer.image", "pk": 1, "fields": {"_height": 307, "_width": 307, "default_alt_text": null, "default_caption": null, "subject_location": "", "date_taken": "2020-11-08T21:45:05.994", "author": null, "must_always_publish_author_credit": false, "must_always_publish_copyright": false}}, {"model": "filer.image", "pk": 2, "fields": {"_height": 36, "_width": 36, "default_alt_text": null, "default_caption": null, "subject_location": "", "date_taken": "2020-11-08T21:55:53.099", "author": null, "must_always_publish_author_credit": false, "must_always_publish_copyright": false}}, {"model": "filer.image", "pk": 3, "fields": {"_height": 31, "_width": 36, "default_alt_text": null, "default_caption": null, "subject_location": "", "date_taken": "2020-11-08T21:55:53.098", "author": null, "must_always_publish_author_credit": false, "must_always_publish_copyright": false}}, {"model": "filer.image", "pk": 4, "fields": {"_height": 28, "_width": 38, "default_alt_text": null, "default_caption": null, "subject_location": "", "date_taken": "2020-11-08T21:55:53.106", "author": null, "must_always_publish_author_credit": false, "must_always_publish_copyright": false}}, {"model": "filer.image", "pk": 5, "fields": {"_height": 32, "_width": 29, "default_alt_text": null, "default_caption": null, "subject_location": "", "date_taken": "2020-11-08T21:55:53.566", "author": null, "must_always_publish_author_credit": false, "must_always_publish_copyright": false}}, {"model": "filer.image", "pk": 6, "fields": {"_height": 32, "_width": 32, "default_alt_text": null, "default_caption": null, "subject_location": "", "date_taken": "2020-11-08T21:55:53.570", "author": null, "must_always_publish_author_credit": false, "must_always_publish_copyright": false}}, {"model": "filer.image", "pk": 7, "fields": {"_height": 264, "_width": 434, "default_alt_text": null, "default_caption": null, "subject_location": "", "date_taken": "2020-11-10T11:06:56.371", "author": null, "must_always_publish_author_credit": false, "must_always_publish_copyright": false}}, {"model": "filer.image", "pk": 8, "fields": {"_height": 263, "_width": 442, "default_alt_text": null, "default_caption": null, "subject_location": "", "date_taken": "2020-11-10T11:06:56.370", "author": null, "must_always_publish_author_credit": false, "must_always_publish_copyright": false}}, {"model": "filer.image", "pk": 9, "fields": {"_height": 259, "_width": 439, "default_alt_text": null, "default_caption": null, "subject_location": "", "date_taken": "2020-11-10T11:06:56.371", "author": null, "must_always_publish_author_credit": false, "must_always_publish_copyright": false}}, {"model": "filer.image", "pk": 10, "fields": {"_height": 299, "_width": 800, "default_alt_text": null, "default_caption": null, "subject_location": "", "date_taken": "2020-11-30T22:31:40.449", "author": null, "must_always_publish_author_credit": false, "must_always_publish_copyright": false}}, {"model": "filer.image", "pk": 11, "fields": {"_height": 299, "_width": 800, "default_alt_text": null, "default_caption": null, "subject_location": "", "date_taken": "2020-11-30T22:31:47.987", "author": null, "must_always_publish_author_credit": false, "must_always_publish_copyright": false}}, {"model": "filer.image", "pk": 12, "fields": {"_height": 280, "_width": 480, "default_alt_text": null, "default_caption": null, "subject_location": "", "date_taken": "2020-12-02T17:15:35.485", "author": null, "must_always_publish_author_credit": false, "must_always_publish_copyright": false}}, {"model": "filer.image", "pk": 13, "fields": {"_height": 260, "_width": 260, "default_alt_text": null, "default_caption": null, "subject_location": "", "date_taken": "2020-12-07T12:13:54.262", "author": null, "must_always_publish_author_credit": false, "must_always_publish_copyright": false}}, {"model": "filer.image", "pk": 14, "fields": {"_height": 499, "_width": 326, "default_alt_text": null, "default_caption": null, "subject_location": "", "date_taken": "2020-12-07T12:16:21.991", "author": null, "must_always_publish_author_credit": false, "must_always_publish_copyright": false}}, {"model": "filer.image", "pk": 15, "fields": {"_height": 499, "_width": 329, "default_alt_text": null, "default_caption": null, "subject_location": "", "date_taken": "2020-12-07T12:25:13.861", "author": null, "must_always_publish_author_credit": false, "must_always_publish_copyright": false}}, {"model": "filer.image", "pk": 16, "fields": {"_height": 499, "_width": 335, "default_alt_text": null, "default_caption": null, "subject_location": "", "date_taken": "2020-12-07T12:26:19.759", "author": null, "must_always_publish_author_credit": false, "must_always_publish_copyright": false}}, {"model": "filer.image", "pk": 17, "fields": {"_height": 499, "_width": 330, "default_alt_text": null, "default_caption": null, "subject_location": "", "date_taken": "2020-12-07T12:27:17.766", "author": null, "must_always_publish_author_credit": false, "must_always_publish_copyright": false}}, {"model": "filer.image", "pk": 18, "fields": {"_height": 499, "_width": 331, "default_alt_text": null, "default_caption": null, "subject_location": "", "date_taken": "2020-12-07T12:28:28.841", "author": null, "must_always_publish_author_credit": false, "must_always_publish_copyright": false}}, {"model": "filer.image", "pk": 19, "fields": {"_height": 180, "_width": 320, "default_alt_text": null, "default_caption": null, "subject_location": "", "date_taken": "2020-12-07T12:33:27.510", "author": null, "must_always_publish_author_credit": false, "must_always_publish_copyright": false}}, {"model": "filer.image", "pk": 20, "fields": {"_height": 180, "_width": 320, "default_alt_text": null, "default_caption": null, "subject_location": "", "date_taken": "2020-12-07T12:34:46.325", "author": null, "must_always_publish_author_credit": false, "must_always_publish_copyright": false}}, {"model": "filer.image", "pk": 21, "fields": {"_height": 180, "_width": 320, "default_alt_text": null, "default_caption": null, "subject_location": "", "date_taken": "2020-12-07T12:38:11.005", "author": null, "must_always_publish_author_credit": false, "must_always_publish_copyright": false}}, {"model": "filer.image", "pk": 22, "fields": {"_height": 500, "_width": 700, "default_alt_text": null, "default_caption": null, "subject_location": "", "date_taken": "2020-12-09T21:20:21.498", "author": null, "must_always_publish_author_credit": false, "must_always_publish_copyright": false}}, {"model": "filer.image", "pk": 23, "fields": {"_height": 500, "_width": 700, "default_alt_text": null, "default_caption": null, "subject_location": "", "date_taken": "2020-12-09T21:21:14.315", "author": null, "must_always_publish_author_credit": false, "must_always_publish_copyright": false}}, {"model": "filer.image", "pk": 24, "fields": {"_height": 500, "_width": 700, "default_alt_text": null, "default_caption": null, "subject_location": "", "date_taken": "2020-12-09T21:21:37.756", "author": null, "must_always_publish_author_credit": false, "must_always_publish_copyright": false}}, {"model": "filer.image", "pk": 25, "fields": {"_height": 500, "_width": 700, "default_alt_text": null, "default_caption": null, "subject_location": "", "date_taken": "2020-12-09T21:21:49.892", "author": null, "must_always_publish_author_credit": false, "must_always_publish_copyright": false}}, {"model": "filer.image", "pk": 26, "fields": {"_height": 500, "_width": 700, "default_alt_text": null, "default_caption": null, "subject_location": "", "date_taken": "2020-12-09T21:22:13.724", "author": null, "must_always_publish_author_credit": false, "must_always_publish_copyright": false}}, {"model": "filer.image", "pk": 27, "fields": {"_height": 500, "_width": 700, "default_alt_text": null, "default_caption": null, "subject_location": "", "date_taken": "2020-12-09T21:22:28.401", "author": null, "must_always_publish_author_credit": false, "must_always_publish_copyright": false}}, {"model": "filer.image", "pk": 28, "fields": {"_height": 500, "_width": 700, "default_alt_text": null, "default_caption": null, "subject_location": "", "date_taken": "2020-12-09T21:22:50.106", "author": null, "must_always_publish_author_credit": false, "must_always_publish_copyright": false}}, {"model": "filer.image", "pk": 29, "fields": {"_height": 500, "_width": 700, "default_alt_text": null, "default_caption": null, "subject_location": "", "date_taken": "2020-12-09T21:23:05.924", "author": null, "must_always_publish_author_credit": false, "must_always_publish_copyright": false}}, {"model": "filer.image", "pk": 30, "fields": {"_height": 500, "_width": 700, "default_alt_text": null, "default_caption": null, "subject_location": "", "date_taken": "2020-12-09T21:23:21.473", "author": null, "must_always_publish_author_credit": false, "must_always_publish_copyright": false}}, {"model": "filer.image", "pk": 31, "fields": {"_height": 499, "_width": 327, "default_alt_text": null, "default_caption": null, "subject_location": "", "date_taken": "2020-12-13T13:31:28.419", "author": null, "must_always_publish_author_credit": false, "must_always_publish_copyright": false}}, {"model": "filer.image", "pk": 32, "fields": {"_height": 720, "_width": 1200, "default_alt_text": null, "default_caption": null, "subject_location": "", "date_taken": "2020-12-13T13:34:24.266", "author": null, "must_always_publish_author_credit": false, "must_always_publish_copyright": false}}, {"model": "admin.logentry", "pk": 1, "fields": {"action_time": "2020-11-08T21:45:53.113", "user": 1, "content_type": 18, "object_id": "1", "object_repr": "Leader", "action_flag": 1, "change_message": "[{\"added\": {}}]"}}, {"model": "admin.logentry", "pk": 2, "fields": {"action_time": "2020-11-08T21:46:12.860", "user": 1, "content_type": 18, "object_id": "2", "object_repr": "A Keen Science Enthusiast", "action_flag": 1, "change_message": "[{\"added\": {}}]"}}, {"model": "admin.logentry", "pk": 3, "fields": {"action_time": "2020-11-08T21:46:31.865", "user": 1, "content_type": 18, "object_id": "3", "object_repr": "Responsible Citizen", "action_flag": 1, "change_message": "[{\"added\": {}}]"}}, {"model": "admin.logentry", "pk": 4, "fields": {"action_time": "2020-11-08T21:55:14.766", "user": 1, "content_type": 11, "object_id": "2", "object_repr": "logos", "action_flag": 3, "change_message": ""}}, {"model": "admin.logentry", "pk": 5, "fields": {"action_time": "2020-11-08T21:57:00.133", "user": 1, "content_type": 19, "object_id": "2", "object_repr": "Quantum Computing", "action_flag": 1, "change_message": "[{\"added\": {}}]"}}, {"model": "admin.logentry", "pk": 6, "fields": {"action_time": "2020-11-08T21:57:26.157", "user": 1, "content_type": 19, "object_id": "3", "object_repr": "Artificial intelligence", "action_flag": 1, "change_message": "[{\"added\": {}}]"}}, {"model": "admin.logentry", "pk": 7, "fields": {"action_time": "2020-11-08T21:57:43.450", "user": 1, "content_type": 19, "object_id": "4", "object_repr": "Machine learning", "action_flag": 1, "change_message": "[{\"added\": {}}]"}}, {"model": "admin.logentry", "pk": 8, "fields": {"action_time": "2020-11-08T21:58:16.236", "user": 1, "content_type": 19, "object_id": "5", "object_repr": "Genetics", "action_flag": 1, "change_message": "[{\"added\": {}}]"}}, {"model": "admin.logentry", "pk": 9, "fields": {"action_time": "2020-11-08T21:58:53.823", "user": 1, "content_type": 19, "object_id": "6", "object_repr": "Cloud computing", "action_flag": 1, "change_message": "[{\"added\": {}}]"}}, {"model": "admin.logentry", "pk": 10, "fields": {"action_time": "2020-11-10T10:54:49.428", "user": 1, "content_type": 20, "object_id": "1", "object_repr": "Category1", "action_flag": 1, "change_message": "[{\"added\": {}}]"}}, {"model": "admin.logentry", "pk": 11, "fields": {"action_time": "2020-11-10T10:54:55.573", "user": 1, "content_type": 20, "object_id": "2", "object_repr": "Category2", "action_flag": 1, "change_message": "[{\"added\": {}}]"}}, {"model": "admin.logentry", "pk": 12, "fields": {"action_time": "2020-11-10T10:55:06.786", "user": 1, "content_type": 20, "object_id": "3", "object_repr": "Category3", "action_flag": 1, "change_message": "[{\"added\": {}}]"}}, {"model": "admin.logentry", "pk": 13, "fields": {"action_time": "2020-11-10T10:55:12.607", "user": 1, "content_type": 20, "object_id": "4", "object_repr": "Category4", "action_flag": 1, "change_message": "[{\"added\": {}}]"}}, {"model": "admin.logentry", "pk": 14, "fields": {"action_time": "2020-11-10T10:55:17.010", "user": 1, "content_type": 20, "object_id": "5", "object_repr": "Category5", "action_flag": 1, "change_message": "[{\"added\": {}}]"}}, {"model": "admin.logentry", "pk": 15, "fields": {"action_time": "2020-11-10T10:56:48.569", "user": 1, "content_type": 23, "object_id": "2", "object_repr": "Blog1", "action_flag": 1, "change_message": "[{\"added\": {}}]"}}, {"model": "admin.logentry", "pk": 16, "fields": {"action_time": "2020-11-10T10:56:57.755", "user": 1, "content_type": 23, "object_id": "2", "object_repr": "Topic1", "action_flag": 2, "change_message": "[{\"changed\": {\"fields\": [\"topic\", \"_ref_node_id\"]}}]"}}, {"model": "admin.logentry", "pk": 17, "fields": {"action_time": "2020-11-10T10:57:04.500", "user": 1, "content_type": 23, "object_id": "3", "object_repr": "Topic2", "action_flag": 1, "change_message": "[{\"added\": {}}]"}}, {"model": "admin.logentry", "pk": 18, "fields": {"action_time": "2020-11-10T10:57:10.345", "user": 1, "content_type": 23, "object_id": "4", "object_repr": "Topic3", "action_flag": 1, "change_message": "[{\"added\": {}}]"}}, {"model": "admin.logentry", "pk": 19, "fields": {"action_time": "2020-11-10T10:57:17.384", "user": 1, "content_type": 23, "object_id": "5", "object_repr": "Topic4", "action_flag": 1, "change_message": "[{\"added\": {}}]"}}, {"model": "admin.logentry", "pk": 20, "fields": {"action_time": "2020-11-10T10:57:24.918", "user": 1, "content_type": 23, "object_id": "6", "object_repr": "Topic5", "action_flag": 1, "change_message": "[{\"added\": {}}]"}}, {"model": "admin.logentry", "pk": 21, "fields": {"action_time": "2020-11-10T10:57:31.808", "user": 1, "content_type": 23, "object_id": "7", "object_repr": "Topic6", "action_flag": 1, "change_message": "[{\"added\": {}}]"}}, {"model": "admin.logentry", "pk": 22, "fields": {"action_time": "2020-11-10T10:57:37.141", "user": 1, "content_type": 23, "object_id": "8", "object_repr": "Topic7", "action_flag": 1, "change_message": "[{\"added\": {}}]"}}, {"model": "admin.logentry", "pk": 23, "fields": {"action_time": "2020-11-10T10:57:41.734", "user": 1, "content_type": 23, "object_id": "9", "object_repr": "Topic4", "action_flag": 1, "change_message": "[{\"added\": {}}]"}}, {"model": "admin.logentry", "pk": 24, "fields": {"action_time": "2020-11-10T10:57:51.039", "user": 1, "content_type": 23, "object_id": "9", "object_repr": "Topic8", "action_flag": 2, "change_message": "[{\"changed\": {\"fields\": [\"topic\"]}}]"}}, {"model": "admin.logentry", "pk": 25, "fields": {"action_time": "2020-11-10T10:57:58.175", "user": 1, "content_type": 23, "object_id": "10", "object_repr": "Topic9", "action_flag": 1, "change_message": "[{\"added\": {}}]"}}, {"model": "admin.logentry", "pk": 26, "fields": {"action_time": "2020-11-10T10:58:05.068", "user": 1, "content_type": 23, "object_id": "11", "object_repr": "Topic10", "action_flag": 1, "change_message": "[{\"added\": {}}]"}}, {"model": "admin.logentry", "pk": 27, "fields": {"action_time": "2020-11-10T11:07:51.298", "user": 1, "content_type": 21, "object_id": "1", "object_repr": "Lorem ipsum dolor sit amet, consectetur adipiscing elit Phasellu", "action_flag": 1, "change_message": "[{\"added\": {}}]"}}, {"model": "admin.logentry", "pk": 28, "fields": {"action_time": "2020-11-10T11:13:13.731", "user": 1, "content_type": 21, "object_id": "3", "object_repr": "Lorem ipsum dolor sit amet, consectetur adipiscing elit Phasellu2", "action_flag": 1, "change_message": "[{\"added\": {}}]"}}, {"model": "admin.logentry", "pk": 29, "fields": {"action_time": "2020-11-10T11:13:36.273", "user": 1, "content_type": 21, "object_id": "4", "object_repr": "Lorem ipsum dolor sit amet, consectetur adipiscing elit Phasellu3", "action_flag": 1, "change_message": "[{\"added\": {}}]"}}, {"model": "admin.logentry", "pk": 30, "fields": {"action_time": "2020-11-10T11:14:00.928", "user": 1, "content_type": 21, "object_id": "5", "object_repr": "Lorem ipsum dolor sit amet, consectetur adipiscing elit Phasellu4", "action_flag": 1, "change_message": "[{\"added\": {}}]"}}, {"model": "admin.logentry", "pk": 31, "fields": {"action_time": "2020-11-10T11:14:51.989", "user": 1, "content_type": 21, "object_id": "6", "object_repr": "Lorem ipsum dolor sit amet, consectetur adipiscing elit Phasellu5", "action_flag": 1, "change_message": "[{\"added\": {}}]"}}, {"model": "admin.logentry", "pk": 32, "fields": {"action_time": "2020-11-30T22:16:16.216", "user": 2, "content_type": 20, "object_id": "1", "object_repr": "Artificial Intelligence", "action_flag": 2, "change_message": "[{\"changed\": {\"fields\": [\"category\", \"_ref_node_id\"]}}]"}}, {"model": "admin.logentry", "pk": 33, "fields": {"action_time": "2020-11-30T22:16:28.644", "user": 2, "content_type": 20, "object_id": "2", "object_repr": "BlockChain", "action_flag": 2, "change_message": "[{\"changed\": {\"fields\": [\"category\"]}}]"}}, {"model": "admin.logentry", "pk": 34, "fields": {"action_time": "2020-11-30T22:16:39.461", "user": 2, "content_type": 20, "object_id": "3", "object_repr": "Geo Politics", "action_flag": 2, "change_message": "[{\"changed\": {\"fields\": [\"category\"]}}]"}}, {"model": "admin.logentry", "pk": 35, "fields": {"action_time": "2020-11-30T22:16:58.879", "user": 2, "content_type": 20, "object_id": "4", "object_repr": "Genetics", "action_flag": 2, "change_message": "[{\"changed\": {\"fields\": [\"category\"]}}]"}}, {"model": "admin.logentry", "pk": 36, "fields": {"action_time": "2020-11-30T22:17:16.788", "user": 2, "content_type": 20, "object_id": "5", "object_repr": "Quantum Computing", "action_flag": 2, "change_message": "[{\"changed\": {\"fields\": [\"category\"]}}]"}}, {"model": "admin.logentry", "pk": 37, "fields": {"action_time": "2020-11-30T22:17:39.738", "user": 2, "content_type": 20, "object_id": "5", "object_repr": "Quantum Computing", "action_flag": 2, "change_message": "[]"}}, {"model": "admin.logentry", "pk": 38, "fields": {"action_time": "2020-11-30T22:27:31.787", "user": 2, "content_type": 23, "object_id": "2", "object_repr": "Introduction", "action_flag": 2, "change_message": "[{\"changed\": {\"fields\": [\"topic\", \"_ref_node_id\"]}}]"}}, {"model": "admin.logentry", "pk": 39, "fields": {"action_time": "2020-11-30T22:27:42.818", "user": 2, "content_type": 23, "object_id": "3", "object_repr": "Advanced", "action_flag": 2, "change_message": "[{\"changed\": {\"fields\": [\"topic\"]}}]"}}, {"model": "admin.logentry", "pk": 40, "fields": {"action_time": "2020-11-30T22:27:57.578", "user": 2, "content_type": 23, "object_id": "4", "object_repr": "Distributed ledger", "action_flag": 2, "change_message": "[{\"changed\": {\"fields\": [\"topic\"]}}]"}}, {"model": "admin.logentry", "pk": 41, "fields": {"action_time": "2020-11-30T22:28:07.748", "user": 2, "content_type": 23, "object_id": "5", "object_repr": "Cryptocurrency", "action_flag": 2, "change_message": "[{\"changed\": {\"fields\": [\"topic\"]}}]"}}, {"model": "admin.logentry", "pk": 42, "fields": {"action_time": "2020-11-30T22:28:15.405", "user": 2, "content_type": 23, "object_id": "6", "object_repr": "india", "action_flag": 2, "change_message": "[{\"changed\": {\"fields\": [\"topic\"]}}]"}}, {"model": "admin.logentry", "pk": 43, "fields": {"action_time": "2020-11-30T22:28:22.598", "user": 2, "content_type": 23, "object_id": "7", "object_repr": "Middle East", "action_flag": 2, "change_message": "[{\"changed\": {\"fields\": [\"topic\"]}}]"}}, {"model": "admin.logentry", "pk": 44, "fields": {"action_time": "2020-11-30T22:28:42.360", "user": 2, "content_type": 23, "object_id": "8", "object_repr": "Gene Therapy", "action_flag": 2, "change_message": "[{\"changed\": {\"fields\": [\"topic\"]}}]"}}, {"model": "admin.logentry", "pk": 45, "fields": {"action_time": "2020-11-30T22:28:49.535", "user": 2, "content_type": 23, "object_id": "9", "object_repr": "Mutations", "action_flag": 2, "change_message": "[{\"changed\": {\"fields\": [\"topic\"]}}]"}}, {"model": "admin.logentry", "pk": 46, "fields": {"action_time": "2020-11-30T22:28:57.147", "user": 2, "content_type": 23, "object_id": "10", "object_repr": "Q Bit", "action_flag": 2, "change_message": "[{\"changed\": {\"fields\": [\"topic\"]}}]"}}, {"model": "admin.logentry", "pk": 47, "fields": {"action_time": "2020-11-30T22:29:05.304", "user": 2, "content_type": 23, "object_id": "11", "object_repr": "Quantum Mechanics", "action_flag": 2, "change_message": "[{\"changed\": {\"fields\": [\"topic\"]}}]"}}, {"model": "admin.logentry", "pk": 48, "fields": {"action_time": "2020-11-30T22:31:50.232", "user": 2, "content_type": 21, "object_id": "1", "object_repr": "Quantum Computing - Part 1", "action_flag": 2, "change_message": "[{\"changed\": {\"fields\": [\"blog_title\", \"slug\", \"blog_short_description\", \"blog_content\", \"blog_image\", \"blog_big_image\", \"blog_author\", \"_ref_node_id\"]}}]"}}, {"model": "admin.logentry", "pk": 49, "fields": {"action_time": "2020-12-02T17:19:07.431", "user": 1, "content_type": 26, "object_id": "1", "object_repr": "Lorem ipsum dolor sit amet, consectetur adipisicing elit, sed do eiusmod tempor incididunt ut labore                 et dolore magna aliqua.", "action_flag": 1, "change_message": "[{\"added\": {}}]"}}, {"model": "admin.logentry", "pk": 50, "fields": {"action_time": "2020-12-02T17:19:55.182", "user": 1, "content_type": 24, "object_id": "1", "object_repr": "Lorem ipsum dolor sit amet, consectetur adipisicing elit, sed do eiusmod tempor incididunt ut labore                 et dolore magna aliqua.", "action_flag": 1, "change_message": "[{\"added\": {}}]"}}, {"model": "admin.logentry", "pk": 51, "fields": {"action_time": "2020-12-02T17:22:41.804", "user": 1, "content_type": 24, "object_id": "4", "object_repr": "Lorem ipsum dolor sit amet, consectetur adipisicing elit, sed do eiusmod tempor incididunt ut labore                 et dolore magna aliqua.", "action_flag": 2, "change_message": "[{\"changed\": {\"fields\": [\"content_published_date\"]}}]"}}, {"model": "admin.logentry", "pk": 52, "fields": {"action_time": "2020-12-02T17:22:57.788", "user": 1, "content_type": 26, "object_id": "2", "object_repr": "Lorem ipsum dolor sit amet, consectetur adipisicing elit, sed do eiusmod tempor incididunt ut labore                 et dolore magna aliqua.", "action_flag": 2, "change_message": "[{\"changed\": {\"fields\": [\"content_published_date\"]}}]"}}, {"model": "admin.logentry", "pk": 53, "fields": {"action_time": "2020-12-06T17:34:51.899", "user": 2, "content_type": 21, "object_id": "1", "object_repr": "Quantum Computing - Part 1", "action_flag": 2, "change_message": "[{\"changed\": {\"fields\": [\"slug\", \"_ref_node_id\"]}}]"}}, {"model": "admin.logentry", "pk": 54, "fields": {"action_time": "2020-12-07T12:13:56.666", "user": 2, "content_type": 24, "object_id": "1", "object_repr": "Lifespan: Why We Age--And Why We Don't Have to", "action_flag": 2, "change_message": "[{\"changed\": {\"fields\": [\"book_title\", \"book_image\", \"book_link\", \"_ref_node_id\"]}}]"}}, {"model": "admin.logentry", "pk": 55, "fields": {"action_time": "2020-12-07T12:16:24.127", "user": 2, "content_type": 24, "object_id": "2", "object_repr": "Sapiens: A Brief History of Humankind", "action_flag": 2, "change_message": "[{\"changed\": {\"fields\": [\"book_title\", \"book_image\"]}}]"}}, {"model": "admin.logentry", "pk": 56, "fields": {"action_time": "2020-12-07T12:16:36.900", "user": 2, "content_type": 24, "object_id": "2", "object_repr": "Sapiens: A Brief History of Humankind", "action_flag": 2, "change_message": "[{\"changed\": {\"fields\": [\"book_link\"]}}]"}}, {"model": "admin.logentry", "pk": 57, "fields": {"action_time": "2020-12-07T12:25:24.219", "user": 2, "content_type": 24, "object_id": "3", "object_repr": "Out of Eden: The Peopling of the World", "action_flag": 2, "change_message": "[{\"changed\": {\"fields\": [\"book_title\", \"book_image\", \"book_link\"]}}]"}}, {"model": "admin.logentry", "pk": 58, "fields": {"action_time": "2020-12-07T12:26:29.514", "user": 2, "content_type": 24, "object_id": "4", "object_repr": "A Brief History of Time", "action_flag": 2, "change_message": "[{\"changed\": {\"fields\": [\"book_title\", \"book_image\", \"book_link\"]}}]"}}, {"model": "admin.logentry", "pk": 59, "fields": {"action_time": "2020-12-07T12:27:33.256", "user": 2, "content_type": 24, "object_id": "5", "object_repr": "Feynman Lectures On Computation", "action_flag": 2, "change_message": "[{\"changed\": {\"fields\": [\"book_title\", \"book_image\", \"book_link\"]}}]"}}, {"model": "admin.logentry", "pk": 60, "fields": {"action_time": "2020-12-07T12:28:43.850", "user": 2, "content_type": 24, "object_id": "6", "object_repr": "How Emotions Are Made: The Secret Life of the Brain", "action_flag": 2, "change_message": "[{\"changed\": {\"fields\": [\"book_title\", \"book_image\", \"book_link\"]}}]"}}, {"model": "admin.logentry", "pk": 61, "fields": {"action_time": "2020-12-07T12:33:59.315", "user": 2, "content_type": 26, "object_id": "1", "object_repr": "21 Lessons for the 21st Century | Yuval Noah Harari | Talks at Google", "action_flag": 2, "change_message": "[{\"changed\": {\"fields\": [\"video_title\", \"video_image\", \"video_link\", \"_ref_node_id\"]}}]"}}, {"model": "admin.logentry", "pk": 62, "fields": {"action_time": "2020-12-07T12:35:13.617", "user": 2, "content_type": 26, "object_id": "2", "object_repr": "https://www.youtube.com/watch?v=ML4kiFCKZGo", "action_flag": 2, "change_message": "[{\"changed\": {\"fields\": [\"video_title\", \"video_image\", \"video_link\"]}}]"}}, {"model": "admin.logentry", "pk": 63, "fields": {"action_time": "2020-12-07T12:35:46.421", "user": 2, "content_type": 26, "object_id": "2", "object_repr": "Carl Sagan : The Existence of God", "action_flag": 2, "change_message": "[{\"changed\": {\"fields\": [\"video_title\"]}}]"}}, {"model": "admin.logentry", "pk": 64, "fields": {"action_time": "2020-12-07T12:38:13.720", "user": 2, "content_type": 26, "object_id": "3", "object_repr": "Feynman's Lectures on Physics - The Law of Gravitation", "action_flag": 2, "change_message": "[{\"changed\": {\"fields\": [\"video_title\", \"video_image\", \"video_link\"]}}]"}}, {"model": "admin.logentry", "pk": 65, "fields": {"action_time": "2020-12-07T12:39:17.219", "user": 2, "content_type": 26, "object_id": "2", "object_repr": "Carl Sagan : The Existence of God", "action_flag": 2, "change_message": "[]"}}, {"model": "admin.logentry", "pk": 66, "fields": {"action_time": "2020-12-09T21:20:47.972", "user": 2, "content_type": 25, "object_id": "1", "object_repr": "Albert Einstein", "action_flag": 1, "change_message": "[{\"added\": {}}]"}}, {"model": "admin.logentry", "pk": 67, "fields": {"action_time": "2020-12-09T21:21:22.283", "user": 2, "content_type": 25, "object_id": "2", "object_repr": "Louie De Broglie", "action_flag": 1, "change_message": "[{\"added\": {}}]"}}, {"model": "admin.logentry", "pk": 68, "fields": {"action_time": "2020-12-09T21:21:41.881", "user": 2, "content_type": 25, "object_id": "3", "object_repr": "Carl Sagan 1", "action_flag": 1, "change_message": "[{\"added\": {}}]"}}, {"model": "admin.logentry", "pk": 69, "fields": {"action_time": "2020-12-09T21:21:59.448", "user": 2, "content_type": 25, "object_id": "4", "object_repr": "carl sagan 2", "action_flag": 1, "change_message": "[{\"added\": {}}]"}}, {"model": "admin.logentry", "pk": 70, "fields": {"action_time": "2020-12-09T21:22:18.723", "user": 2, "content_type": 25, "object_id": "5", "object_repr": "carl sagan 3", "action_flag": 1, "change_message": "[{\"added\": {}}]"}}, {"model": "admin.logentry", "pk": 71, "fields": {"action_time": "2020-12-09T21:22:40.702", "user": 2, "content_type": 25, "object_id": "6", "object_repr": "Albert 2", "action_flag": 1, "change_message": "[{\"added\": {}}]"}}, {"model": "admin.logentry", "pk": 72, "fields": {"action_time": "2020-12-09T21:22:57.404", "user": 2, "content_type": 25, "object_id": "7", "object_repr": "Feynman", "action_flag": 1, "change_message": "[{\"added\": {}}]"}}, {"model": "admin.logentry", "pk": 73, "fields": {"action_time": "2020-12-09T21:23:13.059", "user": 2, "content_type": 25, "object_id": "8", "object_repr": "De Broglie 2", "action_flag": 1, "change_message": "[{\"added\": {}}]"}}, {"model": "admin.logentry", "pk": 74, "fields": {"action_time": "2020-12-09T21:23:35.570", "user": 2, "content_type": 25, "object_id": "9", "object_repr": "Richard Feynman", "action_flag": 1, "change_message": "[{\"added\": {}}]"}}, {"model": "admin.logentry", "pk": 75, "fields": {"action_time": "2020-12-13T11:42:10.014", "user": 2, "content_type": 26, "object_id": "2", "object_repr": "Carl Sagan : The Existence of God", "action_flag": 2, "change_message": "[{\"changed\": {\"fields\": [\"content_published_date\"]}}]"}}, {"model": "admin.logentry", "pk": 76, "fields": {"action_time": "2020-12-13T13:21:51.033", "user": 2, "content_type": 20, "object_id": "6", "object_repr": "Deeplearning", "action_flag": 1, "change_message": "[{\"added\": {}}]"}}, {"model": "admin.logentry", "pk": 77, "fields": {"action_time": "2020-12-13T13:23:23.251", "user": 2, "content_type": 23, "object_id": "2", "object_repr": "Computer Vision", "action_flag": 2, "change_message": "[{\"changed\": {\"fields\": [\"topic\", \"_ref_node_id\"]}}]"}}, {"model": "admin.logentry", "pk": 78, "fields": {"action_time": "2020-12-13T13:31:59.958", "user": 2, "content_type": 24, "object_id": "12", "object_repr": "21 Questions for 21st century", "action_flag": 1, "change_message": "[{\"added\": {}}]"}}, {"model": "admin.logentry", "pk": 79, "fields": {"action_time": "2020-12-13T13:33:02.265", "user": 2, "content_type": 19, "object_id": "2", "object_repr": "Quantum Computing", "action_flag": 2, "change_message": "[{\"changed\": {\"fields\": [\"description\", \"_ref_node_id\"]}}]"}}, {"model": "admin.logentry", "pk": 80, "fields": {"action_time": "2020-12-13T13:35:00.314", "user": 2, "content_type": 25, "object_id": "10", "object_repr": "Stephen Hawking quote 2", "action_flag": 1, "change_message": "[{\"added\": {}}]"}}, {"model": "admin.logentry", "pk": 81, "fields": {"action_time": "2020-12-13T13:37:31.253", "user": 2, "content_type": 26, "object_id": "4", "object_repr": "Lorem ipsum dolor sit amet, consectetur adipisicing elit, sed do eiusmod tempor incididunt ut labore                 et dolore magna aliqua.", "action_flag": 2, "change_message": "[]"}}, {"model": "admin.logentry", "pk": 82, "fields": {"action_time": "2020-12-20T12:49:10.683", "user": 2, "content_type": 21, "object_id": "1", "object_repr": "Quantum Computing - Part 1", "action_flag": 2, "change_message": "[{\"changed\": {\"fields\": [\"blog_topic\", \"_ref_node_id\"]}}]"}}, {"model": "admin.logentry", "pk": 83, "fields": {"action_time": "2020-12-20T13:12:54.008", "user": 2, "content_type": 21, "object_id": "1", "object_repr": "Quantum Computing - Part 1", "action_flag": 2, "change_message": "[{\"changed\": {\"fields\": [\"_ref_node_id\"]}}]"}}]
